PAIS,ANO,DECILE_LABEL,DECILE_ORDER,PROMEDIO_REGISTROS,CANTIDAD_EDITORIALES
ARGENTINA,2012,Top 10%,1,72.17,6
ARGENTINA,2012,10% - 20%,2,9.5,6
ARGENTINA,2012,20% - 30%,3,6.0,6
ARGENTINA,2012,30% - 40%,4,3.67,6
ARGENTINA,2012,40% - 50%,5,3.0,6
ARGENTINA,2012,50% - 60%,6,2.17,6
ARGENTINA,2012,60% - 70%,7,1.0,5
ARGENTINA,2012,70% - 80%,8,1.0,5
ARGENTINA,2012,80% - 90%,9,1.0,5
ARGENTINA,2012,90% - 100%,10,1.0,5
ARGENTINA,2013,Top 10%,1,39.17,6
ARGENTINA,2013,10% - 20%,2,12.83,6
ARGENTINA,2013,20% - 30%,3,7.33,6
ARGENTINA,2013,30% - 40%,4,4.17,6
ARGENTINA,2013,40% - 50%,5,3.0,6
ARGENTINA,2013,50% - 60%,6,2.0,5
ARGENTINA,2013,60% - 70%,7,1.0,5
ARGENTINA,2013,70% - 80%,8,1.0,5
ARGENTINA,2013,80% - 90%,9,1.0,5
ARGENTINA,2013,90% - 100%,10,1.0,5
ARGENTINA,2014,Top 10%,1,61.33,6
ARGENTINA,2014,10% - 20%,2,15.0,6
ARGENTINA,2014,20% - 30%,3,4.67,6
ARGENTINA,2014,30% - 40%,4,2.83,6
ARGENTINA,2014,40% - 50%,5,2.0,6
ARGENTINA,2014,50% - 60%,6,2.0,6
ARGENTINA,2014,60% - 70%,7,1.0,6
ARGENTINA,2014,70% - 80%,8,1.0,6
ARGENTINA,2014,80% - 90%,9,1.0,6
ARGENTINA,2014,90% - 100%,10,1.0,6
ARGENTINA,2015,Top 10%,1,56.11,9
ARGENTINA,2015,10% - 20%,2,8.56,9
ARGENTINA,2015,20% - 30%,3,4.56,9
ARGENTINA,2015,30% - 40%,4,2.78,9
ARGENTINA,2015,40% - 50%,5,2.0,9
ARGENTINA,2015,50% - 60%,6,1.25,8
ARGENTINA,2015,60% - 70%,7,1.0,8
ARGENTINA,2015,70% - 80%,8,1.0,8
ARGENTINA,2015,80% - 90%,9,1.0,8
ARGENTINA,2015,90% - 100%,10,1.0,8
ARGENTINA,2016,Top 10%,1,43.78,9
ARGENTINA,2016,10% - 20%,2,7.22,9
ARGENTINA,2016,20% - 30%,3,4.22,9
ARGENTINA,2016,30% - 40%,4,2.44,9
ARGENTINA,2016,40% - 50%,5,2.0,8
ARGENTINA,2016,50% - 60%,6,1.62,8
ARGENTINA,2016,60% - 70%,7,1.0,8
ARGENTINA,2016,70% - 80%,8,1.0,8
ARGENTINA,2016,80% - 90%,9,1.0,8
ARGENTINA,2016,90% - 100%,10,1.0,8
ARGENTINA,2017,Top 10%,1,46.0,8
ARGENTINA,2017,10% - 20%,2,8.12,8
ARGENTINA,2017,20% - 30%,3,4.88,8
ARGENTINA,2017,30% - 40%,4,3.0,8
ARGENTINA,2017,40% - 50%,5,2.12,8
ARGENTINA,2017,50% - 60%,6,1.5,8
ARGENTINA,2017,60% - 70%,7,1.0,8
ARGENTINA,2017,70% - 80%,8,1.0,7
ARGENTINA,2017,80% - 90%,9,1.0,7
ARGENTINA,2017,90% - 100%,10,1.0,7
ARGENTINA,2018,Top 10%,1,2.0,1
ARGENTINA,2018,10% - 20%,2,2.0,1
ARGENTINA,2018,20% - 30%,3,1.0,1
ARGENTINA,2018,30% - 40%,4,1.0,1
ARGENTINA,2018,40% - 50%,5,1.0,1
ARGENTINA,2018,50% - 60%,6,1.0,1
ARGENTINA,2018,60% - 70%,7,1.0,1
ARGENTINA,2018,70% - 80%,8,0.0,0
ARGENTINA,2018,80% - 90%,9,0.0,0
ARGENTINA,2018,90% - 100%,10,0.0,0
ARGENTINA,2019,Top 10%,1,46.4,10
ARGENTINA,2019,10% - 20%,2,7.1,10
ARGENTINA,2019,20% - 30%,3,4.8,10
ARGENTINA,2019,30% - 40%,4,2.7,10
ARGENTINA,2019,40% - 50%,5,2.0,9
ARGENTINA,2019,50% - 60%,6,1.33,9
ARGENTINA,2019,60% - 70%,7,1.0,9
ARGENTINA,2019,70% - 80%,8,1.0,9
ARGENTINA,2019,80% - 90%,9,1.0,9
ARGENTINA,2019,90% - 100%,10,1.0,9
ARGENTINA,2020,Top 10%,1,30.33,6
ARGENTINA,2020,10% - 20%,2,7.33,6
ARGENTINA,2020,20% - 30%,3,4.5,6
ARGENTINA,2020,30% - 40%,4,3.5,6
ARGENTINA,2020,40% - 50%,5,2.5,6
ARGENTINA,2020,50% - 60%,6,1.67,6
ARGENTINA,2020,60% - 70%,7,1.0,5
ARGENTINA,2020,70% - 80%,8,1.0,5
ARGENTINA,2020,80% - 90%,9,1.0,5
ARGENTINA,2020,90% - 100%,10,1.0,5
ARGENTINA,TODOS,Top 10%,1,94.24,34
ARGENTINA,TODOS,10% - 20%,2,14.73,33
ARGENTINA,TODOS,20% - 30%,3,7.67,33
ARGENTINA,TODOS,30% - 40%,4,4.7,33
ARGENTINA,TODOS,40% - 50%,5,3.27,33
ARGENTINA,TODOS,50% - 60%,6,2.0,33
ARGENTINA,TODOS,60% - 70%,7,1.64,33
ARGENTINA,TODOS,70% - 80%,8,1.0,33
ARGENTINA,TODOS,80% - 90%,9,1.0,33
ARGENTINA,TODOS,90% - 100%,10,1.0,33
BOLIVIA,2010,Top 10%,1,15.0,1
BOLIVIA,2010,10% - 20%,2,2.0,1
BOLIVIA,2010,20% - 30%,3,1.0,1
BOLIVIA,2010,30% - 40%,4,0.0,0
BOLIVIA,2010,40% - 50%,5,0.0,0
BOLIVIA,2010,50% - 60%,6,0.0,0
BOLIVIA,2010,60% - 70%,7,0.0,0
BOLIVIA,2010,70% - 80%,8,0.0,0
BOLIVIA,2010,80% - 90%,9,0.0,0
BOLIVIA,2010,90% - 100%,10,0.0,0
BOLIVIA,2011,Top 10%,1,1.0,1
BOLIVIA,2011,10% - 20%,2,1.0,1
BOLIVIA,2011,20% - 30%,3,0.0,0
BOLIVIA,2011,30% - 40%,4,0.0,0
BOLIVIA,2011,40% - 50%,5,0.0,0
BOLIVIA,2011,50% - 60%,6,0.0,0
BOLIVIA,2011,60% - 70%,7,0.0,0
BOLIVIA,2011,70% - 80%,8,0.0,0
BOLIVIA,2011,80% - 90%,9,0.0,0
BOLIVIA,2011,90% - 100%,10,0.0,0
BOLIVIA,2012,Top 10%,1,1.0,1
BOLIVIA,2012,10% - 20%,2,0.0,0
BOLIVIA,2012,20% - 30%,3,0.0,0
BOLIVIA,2012,30% - 40%,4,0.0,0
BOLIVIA,2012,40% - 50%,5,0.0,0
BOLIVIA,2012,50% - 60%,6,0.0,0
BOLIVIA,2012,60% - 70%,7,0.0,0
BOLIVIA,2012,70% - 80%,8,0.0,0
BOLIVIA,2012,80% - 90%,9,0.0,0
BOLIVIA,2012,90% - 100%,10,0.0,0
BOLIVIA,2015,Top 10%,1,1.0,1
BOLIVIA,2015,10% - 20%,2,0.0,0
BOLIVIA,2015,20% - 30%,3,0.0,0
BOLIVIA,2015,30% - 40%,4,0.0,0
BOLIVIA,2015,40% - 50%,5,0.0,0
BOLIVIA,2015,50% - 60%,6,0.0,0
BOLIVIA,2015,60% - 70%,7,0.0,0
BOLIVIA,2015,70% - 80%,8,0.0,0
BOLIVIA,2015,80% - 90%,9,0.0,0
BOLIVIA,2015,90% - 100%,10,0.0,0
BOLIVIA,2016,Top 10%,1,2.0,1
BOLIVIA,2016,10% - 20%,2,1.0,1
BOLIVIA,2016,20% - 30%,3,0.0,0
BOLIVIA,2016,30% - 40%,4,0.0,0
BOLIVIA,2016,40% - 50%,5,0.0,0
BOLIVIA,2016,50% - 60%,6,0.0,0
BOLIVIA,2016,60% - 70%,7,0.0,0
BOLIVIA,2016,70% - 80%,8,0.0,0
BOLIVIA,2016,80% - 90%,9,0.0,0
BOLIVIA,2016,90% - 100%,10,0.0,0
BOLIVIA,2017,Top 10%,1,2.0,1
BOLIVIA,2017,10% - 20%,2,1.0,1
BOLIVIA,2017,20% - 30%,3,1.0,1
BOLIVIA,2017,30% - 40%,4,1.0,1
BOLIVIA,2017,40% - 50%,5,0.0,0
BOLIVIA,2017,50% - 60%,6,0.0,0
BOLIVIA,2017,60% - 70%,7,0.0,0
BOLIVIA,2017,70% - 80%,8,0.0,0
BOLIVIA,2017,80% - 90%,9,0.0,0
BOLIVIA,2017,90% - 100%,10,0.0,0
BOLIVIA,2018,Top 10%,1,1.0,1
BOLIVIA,2018,10% - 20%,2,1.0,1
BOLIVIA,2018,20% - 30%,3,1.0,1
BOLIVIA,2018,30% - 40%,4,0.0,0
BOLIVIA,2018,40% - 50%,5,0.0,0
BOLIVIA,2018,50% - 60%,6,0.0,0
BOLIVIA,2018,60% - 70%,7,0.0,0
BOLIVIA,2018,70% - 80%,8,0.0,0
BOLIVIA,2018,80% - 90%,9,0.0,0
BOLIVIA,2018,90% - 100%,10,0.0,0
BOLIVIA,2019,Top 10%,1,1.0,1
BOLIVIA,2019,10% - 20%,2,0.0,0
BOLIVIA,2019,20% - 30%,3,0.0,0
BOLIVIA,2019,30% - 40%,4,0.0,0
BOLIVIA,2019,40% - 50%,5,0.0,0
BOLIVIA,2019,50% - 60%,6,0.0,0
BOLIVIA,2019,60% - 70%,7,0.0,0
BOLIVIA,2019,70% - 80%,8,0.0,0
BOLIVIA,2019,80% - 90%,9,0.0,0
BOLIVIA,2019,90% - 100%,10,0.0,0
BOLIVIA,2020,Top 10%,1,1.0,1
BOLIVIA,2020,10% - 20%,2,1.0,1
BOLIVIA,2020,20% - 30%,3,0.0,0
BOLIVIA,2020,30% - 40%,4,0.0,0
BOLIVIA,2020,40% - 50%,5,0.0,0
BOLIVIA,2020,50% - 60%,6,0.0,0
BOLIVIA,2020,60% - 70%,7,0.0,0
BOLIVIA,2020,70% - 80%,8,0.0,0
BOLIVIA,2020,80% - 90%,9,0.0,0
BOLIVIA,2020,90% - 100%,10,0.0,0
BOLIVIA,2021,Top 10%,1,2.0,1
BOLIVIA,2021,10% - 20%,2,1.0,1
BOLIVIA,2021,20% - 30%,3,0.0,0
BOLIVIA,2021,30% - 40%,4,0.0,0
BOLIVIA,2021,40% - 50%,5,0.0,0
BOLIVIA,2021,50% - 60%,6,0.0,0
BOLIVIA,2021,60% - 70%,7,0.0,0
BOLIVIA,2021,70% - 80%,8,0.0,0
BOLIVIA,2021,80% - 90%,9,0.0,0
BOLIVIA,2021,90% - 100%,10,0.0,0
BOLIVIA,2022,Top 10%,1,1.0,1
BOLIVIA,2022,10% - 20%,2,1.0,1
BOLIVIA,2022,20% - 30%,3,0.0,0
BOLIVIA,2022,30% - 40%,4,0.0,0
BOLIVIA,2022,40% - 50%,5,0.0,0
BOLIVIA,2022,50% - 60%,6,0.0,0
BOLIVIA,2022,60% - 70%,7,0.0,0
BOLIVIA,2022,70% - 80%,8,0.0,0
BOLIVIA,2022,80% - 90%,9,0.0,0
BOLIVIA,2022,90% - 100%,10,0.0,0
BOLIVIA,2023,Top 10%,1,1.0,1
BOLIVIA,2023,10% - 20%,2,1.0,1
BOLIVIA,2023,20% - 30%,3,0.0,0
BOLIVIA,2023,30% - 40%,4,0.0,0
BOLIVIA,2023,40% - 50%,5,0.0,0
BOLIVIA,2023,50% - 60%,6,0.0,0
BOLIVIA,2023,60% - 70%,7,0.0,0
BOLIVIA,2023,70% - 80%,8,0.0,0
BOLIVIA,2023,80% - 90%,9,0.0,0
BOLIVIA,2023,90% - 100%,10,0.0,0
BOLIVIA,2024,Top 10%,1,1.0,1
BOLIVIA,2024,10% - 20%,2,1.0,1
BOLIVIA,2024,20% - 30%,3,0.0,0
BOLIVIA,2024,30% - 40%,4,0.0,0
BOLIVIA,2024,40% - 50%,5,0.0,0
BOLIVIA,2024,50% - 60%,6,0.0,0
BOLIVIA,2024,60% - 70%,7,0.0,0
BOLIVIA,2024,70% - 80%,8,0.0,0
BOLIVIA,2024,80% - 90%,9,0.0,0
BOLIVIA,2024,90% - 100%,10,0.0,0
BOLIVIA,TODOS,Top 10%,1,11.0,2
BOLIVIA,TODOS,10% - 20%,2,5.0,2
BOLIVIA,TODOS,20% - 30%,3,2.0,2
BOLIVIA,TODOS,30% - 40%,4,1.0,2
BOLIVIA,TODOS,40% - 50%,5,1.0,2
BOLIVIA,TODOS,50% - 60%,6,1.0,1
BOLIVIA,TODOS,60% - 70%,7,1.0,1
BOLIVIA,TODOS,70% - 80%,8,1.0,1
BOLIVIA,TODOS,80% - 90%,9,1.0,1
BOLIVIA,TODOS,90% - 100%,10,1.0,1
BRASIL,2010,Top 10%,1,90.4,10
BRASIL,2010,10% - 20%,2,20.7,10
BRASIL,2010,20% - 30%,3,8.5,10
BRASIL,2010,30% - 40%,4,5.4,10
BRASIL,2010,40% - 50%,5,3.6,10
BRASIL,2010,50% - 60%,6,2.0,10
BRASIL,2010,60% - 70%,7,1.1,10
BRASIL,2010,70% - 80%,8,1.0,10
BRASIL,2010,80% - 90%,9,1.0,10
BRASIL,2010,90% - 100%,10,1.0,10
BRASIL,2011,Top 10%,1,68.06,33
BRASIL,2011,10% - 20%,2,11.18,33
BRASIL,2011,20% - 30%,3,5.06,33
BRASIL,2011,30% - 40%,4,3.15,33
BRASIL,2011,40% - 50%,5,2.0,33
BRASIL,2011,50% - 60%,6,1.85,33
BRASIL,2011,60% - 70%,7,1.0,33
BRASIL,2011,70% - 80%,8,1.0,32
BRASIL,2011,80% - 90%,9,1.0,32
BRASIL,2011,90% - 100%,10,1.0,32
BRASIL,2012,Top 10%,1,126.67,12
BRASIL,2012,10% - 20%,2,24.75,12
BRASIL,2012,20% - 30%,3,11.17,12
BRASIL,2012,30% - 40%,4,7.09,11
BRASIL,2012,40% - 50%,5,5.64,11
BRASIL,2012,50% - 60%,6,3.36,11
BRASIL,2012,60% - 70%,7,2.0,11
BRASIL,2012,70% - 80%,8,1.0,11
BRASIL,2012,80% - 90%,9,1.0,11
BRASIL,2012,90% - 100%,10,1.0,11
BRASIL,2013,Top 10%,1,143.05,21
BRASIL,2013,10% - 20%,2,34.1,21
BRASIL,2013,20% - 30%,3,15.19,21
BRASIL,2013,30% - 40%,4,9.1,21
BRASIL,2013,40% - 50%,5,4.9,21
BRASIL,2013,50% - 60%,6,3.24,21
BRASIL,2013,60% - 70%,7,2.19,21
BRASIL,2013,70% - 80%,8,1.33,21
BRASIL,2013,80% - 90%,9,1.0,21
BRASIL,2013,90% - 100%,10,1.0,21
BRASIL,2014,Top 10%,1,67.14,80
BRASIL,2014,10% - 20%,2,12.12,80
BRASIL,2014,20% - 30%,3,6.76,80
BRASIL,2014,30% - 40%,4,4.49,79
BRASIL,2014,40% - 50%,5,3.01,79
BRASIL,2014,50% - 60%,6,2.0,79
BRASIL,2014,60% - 70%,7,1.61,79
BRASIL,2014,70% - 80%,8,1.0,79
BRASIL,2014,80% - 90%,9,1.0,79
BRASIL,2014,90% - 100%,10,1.0,79
BRASIL,2015,Top 10%,1,48.87,83
BRASIL,2015,10% - 20%,2,11.64,83
BRASIL,2015,20% - 30%,3,6.66,83
BRASIL,2015,30% - 40%,4,4.46,83
BRASIL,2015,40% - 50%,5,3.23,83
BRASIL,2015,50% - 60%,6,2.22,83
BRASIL,2015,60% - 70%,7,1.75,83
BRASIL,2015,70% - 80%,8,1.0,82
BRASIL,2015,80% - 90%,9,1.0,82
BRASIL,2015,90% - 100%,10,1.0,82
BRASIL,2016,Top 10%,1,74.64,22
BRASIL,2016,10% - 20%,2,16.0,22
BRASIL,2016,20% - 30%,3,7.09,22
BRASIL,2016,30% - 40%,4,3.95,22
BRASIL,2016,40% - 50%,5,3.0,22
BRASIL,2016,50% - 60%,6,2.0,22
BRASIL,2016,60% - 70%,7,1.05,22
BRASIL,2016,70% - 80%,8,1.0,22
BRASIL,2016,80% - 90%,9,1.0,21
BRASIL,2016,90% - 100%,10,1.0,21
BRASIL,2017,Top 10%,1,92.54,24
BRASIL,2017,10% - 20%,2,16.0,24
BRASIL,2017,20% - 30%,3,7.46,24
BRASIL,2017,30% - 40%,4,4.09,23
BRASIL,2017,40% - 50%,5,2.65,23
BRASIL,2017,50% - 60%,6,2.0,23
BRASIL,2017,60% - 70%,7,1.17,23
BRASIL,2017,70% - 80%,8,1.0,23
BRASIL,2017,80% - 90%,9,1.0,23
BRASIL,2017,90% - 100%,10,1.0,23
BRASIL,2018,Top 10%,1,62.71,28
BRASIL,2018,10% - 20%,2,11.75,28
BRASIL,2018,20% - 30%,3,4.89,28
BRASIL,2018,30% - 40%,4,3.39,28
BRASIL,2018,40% - 50%,5,2.14,28
BRASIL,2018,50% - 60%,6,2.0,28
BRASIL,2018,60% - 70%,7,1.22,27
BRASIL,2018,70% - 80%,8,1.0,27
BRASIL,2018,80% - 90%,9,1.0,27
BRASIL,2018,90% - 100%,10,1.0,27
BRASIL,2019,Top 10%,1,76.88,26
BRASIL,2019,10% - 20%,2,13.96,26
BRASIL,2019,20% - 30%,3,6.38,26
BRASIL,2019,30% - 40%,4,4.35,26
BRASIL,2019,40% - 50%,5,3.0,26
BRASIL,2019,50% - 60%,6,2.0,26
BRASIL,2019,60% - 70%,7,1.62,26
BRASIL,2019,70% - 80%,8,1.0,26
BRASIL,2019,80% - 90%,9,1.0,25
BRASIL,2019,90% - 100%,10,1.0,25
BRASIL,2020,Top 10%,1,45.27,11
BRASIL,2020,10% - 20%,2,16.91,11
BRASIL,2020,20% - 30%,3,6.7,10
BRASIL,2020,30% - 40%,4,3.4,10
BRASIL,2020,40% - 50%,5,2.0,10
BRASIL,2020,50% - 60%,6,1.7,10
BRASIL,2020,60% - 70%,7,1.0,10
BRASIL,2020,70% - 80%,8,1.0,10
BRASIL,2020,80% - 90%,9,1.0,10
BRASIL,2020,90% - 100%,10,1.0,10
BRASIL,2021,Top 10%,1,89.81,16
BRASIL,2021,10% - 20%,2,20.56,16
BRASIL,2021,20% - 30%,3,8.06,16
BRASIL,2021,30% - 40%,4,3.81,16
BRASIL,2021,40% - 50%,5,2.19,16
BRASIL,2021,50% - 60%,6,2.0,16
BRASIL,2021,60% - 70%,7,1.19,16
BRASIL,2021,70% - 80%,8,1.0,16
BRASIL,2021,80% - 90%,9,1.0,15
BRASIL,2021,90% - 100%,10,1.0,15
BRASIL,2022,Top 10%,1,221.38,13
BRASIL,2022,10% - 20%,2,21.85,13
BRASIL,2022,20% - 30%,3,10.54,13
BRASIL,2022,30% - 40%,4,5.85,13
BRASIL,2022,40% - 50%,5,3.46,13
BRASIL,2022,50% - 60%,6,2.5,12
BRASIL,2022,60% - 70%,7,2.0,12
BRASIL,2022,70% - 80%,8,1.17,12
BRASIL,2022,80% - 90%,9,1.0,12
BRASIL,2022,90% - 100%,10,1.0,12
BRASIL,2023,Top 10%,1,108.19,16
BRASIL,2023,10% - 20%,2,24.06,16
BRASIL,2023,20% - 30%,3,11.75,16
BRASIL,2023,30% - 40%,4,6.31,16
BRASIL,2023,40% - 50%,5,3.75,16
BRASIL,2023,50% - 60%,6,2.31,16
BRASIL,2023,60% - 70%,7,1.56,16
BRASIL,2023,70% - 80%,8,1.0,15
BRASIL,2023,80% - 90%,9,1.0,15
BRASIL,2023,90% - 100%,10,1.0,15
BRASIL,2024,Top 10%,1,64.56,16
BRASIL,2024,10% - 20%,2,21.07,15
BRASIL,2024,20% - 30%,3,11.0,15
BRASIL,2024,30% - 40%,4,5.6,15
BRASIL,2024,40% - 50%,5,3.47,15
BRASIL,2024,50% - 60%,6,2.0,15
BRASIL,2024,60% - 70%,7,1.67,15
BRASIL,2024,70% - 80%,8,1.0,15
BRASIL,2024,80% - 90%,9,1.0,15
BRASIL,2024,90% - 100%,10,1.0,15
BRASIL,TODOS,Top 10%,1,197.08,193
BRASIL,TODOS,10% - 20%,2,22.44,193
BRASIL,TODOS,20% - 30%,3,10.43,193
BRASIL,TODOS,30% - 40%,4,6.02,193
BRASIL,TODOS,40% - 50%,5,3.76,192
BRASIL,TODOS,50% - 60%,6,2.51,192
BRASIL,TODOS,60% - 70%,7,2.0,192
BRASIL,TODOS,70% - 80%,8,1.02,192
BRASIL,TODOS,80% - 90%,9,1.0,192
BRASIL,TODOS,90% - 100%,10,1.0,192
CHILE,2010,Top 10%,1,31.33,3
CHILE,2010,10% - 20%,2,4.33,3
CHILE,2010,20% - 30%,3,3.67,3
CHILE,2010,30% - 40%,4,2.0,3
CHILE,2010,40% - 50%,5,1.5,2
CHILE,2010,50% - 60%,6,1.0,2
CHILE,2010,60% - 70%,7,1.0,2
CHILE,2010,70% - 80%,8,1.0,2
CHILE,2010,80% - 90%,9,1.0,2
CHILE,2010,90% - 100%,10,1.0,2
CHILE,2011,Top 10%,1,16.67,3
CHILE,2011,10% - 20%,2,4.67,3
CHILE,2011,20% - 30%,3,2.33,3
CHILE,2011,30% - 40%,4,2.0,3
CHILE,2011,40% - 50%,5,1.33,3
CHILE,2011,50% - 60%,6,1.0,3
CHILE,2011,60% - 70%,7,1.0,2
CHILE,2011,70% - 80%,8,1.0,2
CHILE,2011,80% - 90%,9,1.0,2
CHILE,2011,90% - 100%,10,1.0,2
CHILE,2012,Top 10%,1,12.0,3
CHILE,2012,10% - 20%,2,3.67,3
CHILE,2012,20% - 30%,3,2.0,3
CHILE,2012,30% - 40%,4,1.33,3
CHILE,2012,40% - 50%,5,1.0,3
CHILE,2012,50% - 60%,6,1.0,2
CHILE,2012,60% - 70%,7,1.0,2
CHILE,2012,70% - 80%,8,1.0,2
CHILE,2012,80% - 90%,9,1.0,2
CHILE,2012,90% - 100%,10,1.0,2
CHILE,2013,Top 10%,1,11.0,4
CHILE,2013,10% - 20%,2,5.25,4
CHILE,2013,20% - 30%,3,3.0,3
CHILE,2013,30% - 40%,4,2.0,3
CHILE,2013,40% - 50%,5,1.33,3
CHILE,2013,50% - 60%,6,1.0,3
CHILE,2013,60% - 70%,7,1.0,3
CHILE,2013,70% - 80%,8,1.0,3
CHILE,2013,80% - 90%,9,1.0,3
CHILE,2013,90% - 100%,10,1.0,3
CHILE,2014,Top 10%,1,6.67,3
CHILE,2014,10% - 20%,2,4.67,3
CHILE,2014,20% - 30%,3,3.33,3
CHILE,2014,30% - 40%,4,3.0,3
CHILE,2014,40% - 50%,5,2.0,3
CHILE,2014,50% - 60%,6,1.0,3
CHILE,2014,60% - 70%,7,1.0,3
CHILE,2014,70% - 80%,8,1.0,3
CHILE,2014,80% - 90%,9,1.0,3
CHILE,2014,90% - 100%,10,1.0,2
CHILE,2015,Top 10%,1,12.67,3
CHILE,2015,10% - 20%,2,6.33,3
CHILE,2015,20% - 30%,3,5.0,3
CHILE,2015,30% - 40%,4,2.33,3
CHILE,2015,40% - 50%,5,2.0,3
CHILE,2015,50% - 60%,6,2.0,3
CHILE,2015,60% - 70%,7,1.0,3
CHILE,2015,70% - 80%,8,1.0,3
CHILE,2015,80% - 90%,9,1.0,3
CHILE,2015,90% - 100%,10,1.0,2
CHILE,2016,Top 10%,1,9.6,5
CHILE,2016,10% - 20%,2,5.8,5
CHILE,2016,20% - 30%,3,2.6,5
CHILE,2016,30% - 40%,4,2.0,5
CHILE,2016,40% - 50%,5,1.2,5
CHILE,2016,50% - 60%,6,1.0,5
CHILE,2016,60% - 70%,7,1.0,4
CHILE,2016,70% - 80%,8,1.0,4
CHILE,2016,80% - 90%,9,1.0,4
CHILE,2016,90% - 100%,10,1.0,4
CHILE,2017,Top 10%,1,20.25,4
CHILE,2017,10% - 20%,2,8.25,4
CHILE,2017,20% - 30%,3,4.0,4
CHILE,2017,30% - 40%,4,2.75,4
CHILE,2017,40% - 50%,5,2.0,4
CHILE,2017,50% - 60%,6,1.75,4
CHILE,2017,60% - 70%,7,1.0,4
CHILE,2017,70% - 80%,8,1.0,4
CHILE,2017,80% - 90%,9,1.0,4
CHILE,2017,90% - 100%,10,1.0,3
CHILE,2018,Top 10%,1,13.86,7
CHILE,2018,10% - 20%,2,5.43,7
CHILE,2018,20% - 30%,3,3.0,7
CHILE,2018,30% - 40%,4,2.0,7
CHILE,2018,40% - 50%,5,1.43,7
CHILE,2018,50% - 60%,6,1.0,7
CHILE,2018,60% - 70%,7,1.0,6
CHILE,2018,70% - 80%,8,1.0,6
CHILE,2018,80% - 90%,9,1.0,6
CHILE,2018,90% - 100%,10,1.0,6
CHILE,2019,Top 10%,1,5.0,3
CHILE,2019,10% - 20%,2,2.0,3
CHILE,2019,20% - 30%,3,2.0,3
CHILE,2019,30% - 40%,4,1.0,3
CHILE,2019,40% - 50%,5,1.0,3
CHILE,2019,50% - 60%,6,1.0,3
CHILE,2019,60% - 70%,7,1.0,3
CHILE,2019,70% - 80%,8,1.0,3
CHILE,2019,80% - 90%,9,1.0,3
CHILE,2019,90% - 100%,10,1.0,3
CHILE,2020,Top 10%,1,15.17,6
CHILE,2020,10% - 20%,2,5.17,6
CHILE,2020,20% - 30%,3,2.67,6
CHILE,2020,30% - 40%,4,2.0,6
CHILE,2020,40% - 50%,5,1.67,6
CHILE,2020,50% - 60%,6,1.0,6
CHILE,2020,60% - 70%,7,1.0,5
CHILE,2020,70% - 80%,8,1.0,5
CHILE,2020,80% - 90%,9,1.0,5
CHILE,2020,90% - 100%,10,1.0,5
CHILE,2021,Top 10%,1,16.17,6
CHILE,2021,10% - 20%,2,4.33,6
CHILE,2021,20% - 30%,3,2.17,6
CHILE,2021,30% - 40%,4,1.83,6
CHILE,2021,40% - 50%,5,1.0,6
CHILE,2021,50% - 60%,6,1.0,6
CHILE,2021,60% - 70%,7,1.0,6
CHILE,2021,70% - 80%,8,1.0,6
CHILE,2021,80% - 90%,9,1.0,6
CHILE,2021,90% - 100%,10,1.0,5
CHILE,2022,Top 10%,1,14.33,6
CHILE,2022,10% - 20%,2,5.33,6
CHILE,2022,20% - 30%,3,4.0,6
CHILE,2022,30% - 40%,4,2.83,6
CHILE,2022,40% - 50%,5,1.83,6
CHILE,2022,50% - 60%,6,1.0,6
CHILE,2022,60% - 70%,7,1.0,6
CHILE,2022,70% - 80%,8,1.0,6
CHILE,2022,80% - 90%,9,1.0,6
CHILE,2022,90% - 100%,10,1.0,6
CHILE,2023,Top 10%,1,27.0,6
CHILE,2023,10% - 20%,2,5.6,5
CHILE,2023,20% - 30%,3,3.2,5
CHILE,2023,30% - 40%,4,2.4,5
CHILE,2023,40% - 50%,5,2.0,5
CHILE,2023,50% - 60%,6,1.8,5
CHILE,2023,60% - 70%,7,1.0,5
CHILE,2023,70% - 80%,8,1.0,5
CHILE,2023,80% - 90%,9,1.0,5
CHILE,2023,90% - 100%,10,1.0,5
CHILE,2024,Top 10%,1,26.86,7
CHILE,2024,10% - 20%,2,5.0,7
CHILE,2024,20% - 30%,3,2.86,7
CHILE,2024,30% - 40%,4,2.0,7
CHILE,2024,40% - 50%,5,1.29,7
CHILE,2024,50% - 60%,6,1.0,7
CHILE,2024,60% - 70%,7,1.0,7
CHILE,2024,70% - 80%,8,1.0,7
CHILE,2024,80% - 90%,9,1.0,7
CHILE,2024,90% - 100%,10,1.0,6
CHILE,TODOS,Top 10%,1,65.43,23
CHILE,TODOS,10% - 20%,2,13.65,23
CHILE,TODOS,20% - 30%,3,6.36,22
CHILE,TODOS,30% - 40%,4,4.09,22
CHILE,TODOS,40% - 50%,5,2.86,22
CHILE,TODOS,50% - 60%,6,2.0,22
CHILE,TODOS,60% - 70%,7,1.5,22
CHILE,TODOS,70% - 80%,8,1.0,22
CHILE,TODOS,80% - 90%,9,1.0,22
CHILE,TODOS,90% - 100%,10,1.0,22
COLOMBIA,2010,Top 10%,1,78.33,3
COLOMBIA,2010,10% - 20%,2,29.5,2
COLOMBIA,2010,20% - 30%,3,5.0,2
COLOMBIA,2010,30% - 40%,4,3.5,2
COLOMBIA,2010,40% - 50%,5,2.0,2
COLOMBIA,2010,50% - 60%,6,1.5,2
COLOMBIA,2010,60% - 70%,7,1.0,2
COLOMBIA,2010,70% - 80%,8,1.0,2
COLOMBIA,2010,80% - 90%,9,1.0,2
COLOMBIA,2010,90% - 100%,10,1.0,2
COLOMBIA,2011,Top 10%,1,63.33,3
COLOMBIA,2011,10% - 20%,2,9.33,3
COLOMBIA,2011,20% - 30%,3,6.0,3
COLOMBIA,2011,30% - 40%,4,3.0,3
COLOMBIA,2011,40% - 50%,5,2.0,3
COLOMBIA,2011,50% - 60%,6,1.0,3
COLOMBIA,2011,60% - 70%,7,1.0,3
COLOMBIA,2011,70% - 80%,8,1.0,3
COLOMBIA,2011,80% - 90%,9,1.0,3
COLOMBIA,2011,90% - 100%,10,1.0,3
COLOMBIA,2012,Top 10%,1,107.33,3
COLOMBIA,2012,10% - 20%,2,24.33,3
COLOMBIA,2012,20% - 30%,3,13.5,2
COLOMBIA,2012,30% - 40%,4,5.5,2
COLOMBIA,2012,40% - 50%,5,4.0,2
COLOMBIA,2012,50% - 60%,6,3.0,2
COLOMBIA,2012,60% - 70%,7,2.0,2
COLOMBIA,2012,70% - 80%,8,1.5,2
COLOMBIA,2012,80% - 90%,9,1.0,2
COLOMBIA,2012,90% - 100%,10,1.0,2
COLOMBIA,2013,Top 10%,1,112.75,4
COLOMBIA,2013,10% - 20%,2,20.25,4
COLOMBIA,2013,20% - 30%,3,6.5,4
COLOMBIA,2013,30% - 40%,4,4.5,4
COLOMBIA,2013,40% - 50%,5,2.5,4
COLOMBIA,2013,50% - 60%,6,1.5,4
COLOMBIA,2013,60% - 70%,7,1.0,3
COLOMBIA,2013,70% - 80%,8,1.0,3
COLOMBIA,2013,80% - 90%,9,1.0,3
COLOMBIA,2013,90% - 100%,10,1.0,3
COLOMBIA,2014,Top 10%,1,113.2,5
COLOMBIA,2014,10% - 20%,2,8.6,5
COLOMBIA,2014,20% - 30%,3,6.0,5
COLOMBIA,2014,30% - 40%,4,4.5,4
COLOMBIA,2014,40% - 50%,5,3.25,4
COLOMBIA,2014,50% - 60%,6,2.0,4
COLOMBIA,2014,60% - 70%,7,2.0,4
COLOMBIA,2014,70% - 80%,8,1.25,4
COLOMBIA,2014,80% - 90%,9,1.0,4
COLOMBIA,2014,90% - 100%,10,1.0,4
COLOMBIA,2015,Top 10%,1,133.25,4
COLOMBIA,2015,10% - 20%,2,9.75,4
COLOMBIA,2015,20% - 30%,3,6.75,4
COLOMBIA,2015,30% - 40%,4,5.0,4
COLOMBIA,2015,40% - 50%,5,4.0,4
COLOMBIA,2015,50% - 60%,6,3.0,4
COLOMBIA,2015,60% - 70%,7,2.0,4
COLOMBIA,2015,70% - 80%,8,1.25,4
COLOMBIA,2015,80% - 90%,9,1.0,4
COLOMBIA,2015,90% - 100%,10,1.0,3
COLOMBIA,2016,Top 10%,1,101.2,5
COLOMBIA,2016,10% - 20%,2,11.8,5
COLOMBIA,2016,20% - 30%,3,6.0,5
COLOMBIA,2016,30% - 40%,4,4.6,5
COLOMBIA,2016,40% - 50%,5,3.0,5
COLOMBIA,2016,50% - 60%,6,2.0,5
COLOMBIA,2016,60% - 70%,7,2.0,4
COLOMBIA,2016,70% - 80%,8,1.0,4
COLOMBIA,2016,80% - 90%,9,1.0,4
COLOMBIA,2016,90% - 100%,10,1.0,4
COLOMBIA,2017,Top 10%,1,78.0,6
COLOMBIA,2017,10% - 20%,2,10.67,6
COLOMBIA,2017,20% - 30%,3,6.17,6
COLOMBIA,2017,30% - 40%,4,4.67,6
COLOMBIA,2017,40% - 50%,5,3.17,6
COLOMBIA,2017,50% - 60%,6,2.0,5
COLOMBIA,2017,60% - 70%,7,1.2,5
COLOMBIA,2017,70% - 80%,8,1.0,5
COLOMBIA,2017,80% - 90%,9,1.0,5
COLOMBIA,2017,90% - 100%,10,1.0,5
COLOMBIA,2018,Top 10%,1,97.8,5
COLOMBIA,2018,10% - 20%,2,8.0,5
COLOMBIA,2018,20% - 30%,3,4.6,5
COLOMBIA,2018,30% - 40%,4,4.0,5
COLOMBIA,2018,40% - 50%,5,3.0,5
COLOMBIA,2018,50% - 60%,6,2.0,5
COLOMBIA,2018,60% - 70%,7,1.5,4
COLOMBIA,2018,70% - 80%,8,1.0,4
COLOMBIA,2018,80% - 90%,9,1.0,4
COLOMBIA,2018,90% - 100%,10,1.0,4
COLOMBIA,2019,Top 10%,1,95.0,6
COLOMBIA,2019,10% - 20%,2,11.0,6
COLOMBIA,2019,20% - 30%,3,6.4,5
COLOMBIA,2019,30% - 40%,4,4.0,5
COLOMBIA,2019,40% - 50%,5,3.2,5
COLOMBIA,2019,50% - 60%,6,2.8,5
COLOMBIA,2019,60% - 70%,7,2.0,5
COLOMBIA,2019,70% - 80%,8,1.0,5
COLOMBIA,2019,80% - 90%,9,1.0,5
COLOMBIA,2019,90% - 100%,10,1.0,5
COLOMBIA,2020,Top 10%,1,67.0,5
COLOMBIA,2020,10% - 20%,2,10.0,5
COLOMBIA,2020,20% - 30%,3,7.0,5
COLOMBIA,2020,30% - 40%,4,4.4,5
COLOMBIA,2020,40% - 50%,5,3.2,5
COLOMBIA,2020,50% - 60%,6,2.8,5
COLOMBIA,2020,60% - 70%,7,2.0,5
COLOMBIA,2020,70% - 80%,8,1.0,5
COLOMBIA,2020,80% - 90%,9,1.0,5
COLOMBIA,2020,90% - 100%,10,1.0,4
COLOMBIA,2021,Top 10%,1,82.0,5
COLOMBIA,2021,10% - 20%,2,13.6,5
COLOMBIA,2021,20% - 30%,3,5.4,5
COLOMBIA,2021,30% - 40%,4,3.8,5
COLOMBIA,2021,40% - 50%,5,2.4,5
COLOMBIA,2021,50% - 60%,6,2.0,5
COLOMBIA,2021,60% - 70%,7,2.0,5
COLOMBIA,2021,70% - 80%,8,1.0,5
COLOMBIA,2021,80% - 90%,9,1.0,4
COLOMBIA,2021,90% - 100%,10,1.0,4
COLOMBIA,2022,Top 10%,1,61.2,5
COLOMBIA,2022,10% - 20%,2,16.4,5
COLOMBIA,2022,20% - 30%,3,9.8,5
COLOMBIA,2022,30% - 40%,4,4.0,5
COLOMBIA,2022,40% - 50%,5,2.2,5
COLOMBIA,2022,50% - 60%,6,2.0,5
COLOMBIA,2022,60% - 70%,7,2.0,5
COLOMBIA,2022,70% - 80%,8,1.0,5
COLOMBIA,2022,80% - 90%,9,1.0,4
COLOMBIA,2022,90% - 100%,10,1.0,4
COLOMBIA,2023,Top 10%,1,62.0,6
COLOMBIA,2023,10% - 20%,2,8.83,6
COLOMBIA,2023,20% - 30%,3,4.8,5
COLOMBIA,2023,30% - 40%,4,3.8,5
COLOMBIA,2023,40% - 50%,5,2.2,5
COLOMBIA,2023,50% - 60%,6,2.0,5
COLOMBIA,2023,60% - 70%,7,1.0,5
COLOMBIA,2023,70% - 80%,8,1.0,5
COLOMBIA,2023,80% - 90%,9,1.0,5
COLOMBIA,2023,90% - 100%,10,1.0,5
COLOMBIA,2024,Top 10%,1,97.4,5
COLOMBIA,2024,10% - 20%,2,14.4,5
COLOMBIA,2024,20% - 30%,3,8.0,5
COLOMBIA,2024,30% - 40%,4,4.0,5
COLOMBIA,2024,40% - 50%,5,3.0,5
COLOMBIA,2024,50% - 60%,6,2.6,5
COLOMBIA,2024,60% - 70%,7,2.0,5
COLOMBIA,2024,70% - 80%,8,1.0,5
COLOMBIA,2024,80% - 90%,9,1.0,5
COLOMBIA,2024,90% - 100%,10,1.0,4
COLOMBIA,TODOS,Top 10%,1,394.44,18
COLOMBIA,TODOS,10% - 20%,2,33.61,18
COLOMBIA,TODOS,20% - 30%,3,16.89,18
COLOMBIA,TODOS,30% - 40%,4,9.56,18
COLOMBIA,TODOS,40% - 50%,5,5.5,18
COLOMBIA,TODOS,50% - 60%,6,3.41,17
COLOMBIA,TODOS,60% - 70%,7,2.18,17
COLOMBIA,TODOS,70% - 80%,8,1.47,17
COLOMBIA,TODOS,80% - 90%,9,1.0,17
COLOMBIA,TODOS,90% - 100%,10,1.0,17
COSTA RICA,2010,Top 10%,1,8.0,1
COSTA RICA,2010,10% - 20%,2,0.0,0
COSTA RICA,2010,20% - 30%,3,0.0,0
COSTA RICA,2010,30% - 40%,4,0.0,0
COSTA RICA,2010,40% - 50%,5,0.0,0
COSTA RICA,2010,50% - 60%,6,0.0,0
COSTA RICA,2010,60% - 70%,7,0.0,0
COSTA RICA,2010,70% - 80%,8,0.0,0
COSTA RICA,2010,80% - 90%,9,0.0,0
COSTA RICA,2010,90% - 100%,10,0.0,0
COSTA RICA,2011,Top 10%,1,4.0,1
COSTA RICA,2011,10% - 20%,2,4.0,1
COSTA RICA,2011,20% - 30%,3,1.0,1
COSTA RICA,2011,30% - 40%,4,1.0,1
COSTA RICA,2011,40% - 50%,5,0.0,0
COSTA RICA,2011,50% - 60%,6,0.0,0
COSTA RICA,2011,60% - 70%,7,0.0,0
COSTA RICA,2011,70% - 80%,8,0.0,0
COSTA RICA,2011,80% - 90%,9,0.0,0
COSTA RICA,2011,90% - 100%,10,0.0,0
COSTA RICA,2012,Top 10%,1,3.0,1
COSTA RICA,2012,10% - 20%,2,1.0,1
COSTA RICA,2012,20% - 30%,3,1.0,1
COSTA RICA,2012,30% - 40%,4,1.0,1
COSTA RICA,2012,40% - 50%,5,1.0,1
COSTA RICA,2012,50% - 60%,6,1.0,1
COSTA RICA,2012,60% - 70%,7,0.0,0
COSTA RICA,2012,70% - 80%,8,0.0,0
COSTA RICA,2012,80% - 90%,9,0.0,0
COSTA RICA,2012,90% - 100%,10,0.0,0
COSTA RICA,2013,Top 10%,1,2.0,1
COSTA RICA,2013,10% - 20%,2,1.0,1
COSTA RICA,2013,20% - 30%,3,1.0,1
COSTA RICA,2013,30% - 40%,4,1.0,1
COSTA RICA,2013,40% - 50%,5,1.0,1
COSTA RICA,2013,50% - 60%,6,0.0,0
COSTA RICA,2013,60% - 70%,7,0.0,0
COSTA RICA,2013,70% - 80%,8,0.0,0
COSTA RICA,2013,80% - 90%,9,0.0,0
COSTA RICA,2013,90% - 100%,10,0.0,0
COSTA RICA,2014,Top 10%,1,1.0,1
COSTA RICA,2014,10% - 20%,2,0.0,0
COSTA RICA,2014,20% - 30%,3,0.0,0
COSTA RICA,2014,30% - 40%,4,0.0,0
COSTA RICA,2014,40% - 50%,5,0.0,0
COSTA RICA,2014,50% - 60%,6,0.0,0
COSTA RICA,2014,60% - 70%,7,0.0,0
COSTA RICA,2014,70% - 80%,8,0.0,0
COSTA RICA,2014,80% - 90%,9,0.0,0
COSTA RICA,2014,90% - 100%,10,0.0,0
COSTA RICA,2015,Top 10%,1,1.0,1
COSTA RICA,2015,10% - 20%,2,0.0,0
COSTA RICA,2015,20% - 30%,3,0.0,0
COSTA RICA,2015,30% - 40%,4,0.0,0
COSTA RICA,2015,40% - 50%,5,0.0,0
COSTA RICA,2015,50% - 60%,6,0.0,0
COSTA RICA,2015,60% - 70%,7,0.0,0
COSTA RICA,2015,70% - 80%,8,0.0,0
COSTA RICA,2015,80% - 90%,9,0.0,0
COSTA RICA,2015,90% - 100%,10,0.0,0
COSTA RICA,2016,Top 10%,1,2.0,1
COSTA RICA,2016,10% - 20%,2,1.0,1
COSTA RICA,2016,20% - 30%,3,0.0,0
COSTA RICA,2016,30% - 40%,4,0.0,0
COSTA RICA,2016,40% - 50%,5,0.0,0
COSTA RICA,2016,50% - 60%,6,0.0,0
COSTA RICA,2016,60% - 70%,7,0.0,0
COSTA RICA,2016,70% - 80%,8,0.0,0
COSTA RICA,2016,80% - 90%,9,0.0,0
COSTA RICA,2016,90% - 100%,10,0.0,0
COSTA RICA,2017,Top 10%,1,1.0,1
COSTA RICA,2017,10% - 20%,2,1.0,1
COSTA RICA,2017,20% - 30%,3,1.0,1
COSTA RICA,2017,30% - 40%,4,0.0,0
COSTA RICA,2017,40% - 50%,5,0.0,0
COSTA RICA,2017,50% - 60%,6,0.0,0
COSTA RICA,2017,60% - 70%,7,0.0,0
COSTA RICA,2017,70% - 80%,8,0.0,0
COSTA RICA,2017,80% - 90%,9,0.0,0
COSTA RICA,2017,90% - 100%,10,0.0,0
COSTA RICA,2018,Top 10%,1,11.0,1
COSTA RICA,2018,10% - 20%,2,1.0,1
COSTA RICA,2018,20% - 30%,3,1.0,1
COSTA RICA,2018,30% - 40%,4,0.0,0
COSTA RICA,2018,40% - 50%,5,0.0,0
COSTA RICA,2018,50% - 60%,6,0.0,0
COSTA RICA,2018,60% - 70%,7,0.0,0
COSTA RICA,2018,70% - 80%,8,0.0,0
COSTA RICA,2018,80% - 90%,9,0.0,0
COSTA RICA,2018,90% - 100%,10,0.0,0
COSTA RICA,2019,Top 10%,1,6.0,1
COSTA RICA,2019,10% - 20%,2,2.0,1
COSTA RICA,2019,20% - 30%,3,1.0,1
COSTA RICA,2019,30% - 40%,4,1.0,1
COSTA RICA,2019,40% - 50%,5,1.0,1
COSTA RICA,2019,50% - 60%,6,1.0,1
COSTA RICA,2019,60% - 70%,7,1.0,1
COSTA RICA,2019,70% - 80%,8,1.0,1
COSTA RICA,2019,80% - 90%,9,0.0,0
COSTA RICA,2019,90% - 100%,10,0.0,0
COSTA RICA,2020,Top 10%,1,2.0,1
COSTA RICA,2020,10% - 20%,2,1.0,1
COSTA RICA,2020,20% - 30%,3,1.0,1
COSTA RICA,2020,30% - 40%,4,1.0,1
COSTA RICA,2020,40% - 50%,5,0.0,0
COSTA RICA,2020,50% - 60%,6,0.0,0
COSTA RICA,2020,60% - 70%,7,0.0,0
COSTA RICA,2020,70% - 80%,8,0.0,0
COSTA RICA,2020,80% - 90%,9,0.0,0
COSTA RICA,2020,90% - 100%,10,0.0,0
COSTA RICA,2021,Top 10%,1,3.0,1
COSTA RICA,2021,10% - 20%,2,1.0,1
COSTA RICA,2021,20% - 30%,3,1.0,1
COSTA RICA,2021,30% - 40%,4,1.0,1
COSTA RICA,2021,40% - 50%,5,0.0,0
COSTA RICA,2021,50% - 60%,6,0.0,0
COSTA RICA,2021,60% - 70%,7,0.0,0
COSTA RICA,2021,70% - 80%,8,0.0,0
COSTA RICA,2021,80% - 90%,9,0.0,0
COSTA RICA,2021,90% - 100%,10,0.0,0
COSTA RICA,2022,Top 10%,1,15.0,1
COSTA RICA,2022,10% - 20%,2,4.0,1
COSTA RICA,2022,20% - 30%,3,1.0,1
COSTA RICA,2022,30% - 40%,4,1.0,1
COSTA RICA,2022,40% - 50%,5,1.0,1
COSTA RICA,2022,50% - 60%,6,1.0,1
COSTA RICA,2022,60% - 70%,7,0.0,0
COSTA RICA,2022,70% - 80%,8,0.0,0
COSTA RICA,2022,80% - 90%,9,0.0,0
COSTA RICA,2022,90% - 100%,10,0.0,0
COSTA RICA,2023,Top 10%,1,7.0,1
COSTA RICA,2023,10% - 20%,2,3.0,1
COSTA RICA,2023,20% - 30%,3,1.0,1
COSTA RICA,2023,30% - 40%,4,0.0,0
COSTA RICA,2023,40% - 50%,5,0.0,0
COSTA RICA,2023,50% - 60%,6,0.0,0
COSTA RICA,2023,60% - 70%,7,0.0,0
COSTA RICA,2023,70% - 80%,8,0.0,0
COSTA RICA,2023,80% - 90%,9,0.0,0
COSTA RICA,2023,90% - 100%,10,0.0,0
COSTA RICA,2024,Top 10%,1,9.0,1
COSTA RICA,2024,10% - 20%,2,2.0,1
COSTA RICA,2024,20% - 30%,3,2.0,1
COSTA RICA,2024,30% - 40%,4,1.0,1
COSTA RICA,2024,40% - 50%,5,1.0,1
COSTA RICA,2024,50% - 60%,6,0.0,0
COSTA RICA,2024,60% - 70%,7,0.0,0
COSTA RICA,2024,70% - 80%,8,0.0,0
COSTA RICA,2024,80% - 90%,9,0.0,0
COSTA RICA,2024,90% - 100%,10,0.0,0
COSTA RICA,TODOS,Top 10%,1,25.0,3
COSTA RICA,TODOS,10% - 20%,2,5.0,3
COSTA RICA,TODOS,20% - 30%,3,3.0,3
COSTA RICA,TODOS,30% - 40%,4,2.33,3
COSTA RICA,TODOS,40% - 50%,5,2.0,3
COSTA RICA,TODOS,50% - 60%,6,1.33,3
COSTA RICA,TODOS,60% - 70%,7,1.0,3
COSTA RICA,TODOS,70% - 80%,8,1.0,3
COSTA RICA,TODOS,80% - 90%,9,1.0,3
COSTA RICA,TODOS,90% - 100%,10,1.0,2
CUBA,2010,Top 10%,1,1.0,1
CUBA,2010,10% - 20%,2,0.0,0
CUBA,2010,20% - 30%,3,0.0,0
CUBA,2010,30% - 40%,4,0.0,0
CUBA,2010,40% - 50%,5,0.0,0
CUBA,2010,50% - 60%,6,0.0,0
CUBA,2010,60% - 70%,7,0.0,0
CUBA,2010,70% - 80%,8,0.0,0
CUBA,2010,80% - 90%,9,0.0,0
CUBA,2010,90% - 100%,10,0.0,0
CUBA,2011,Top 10%,1,4.0,1
CUBA,2011,10% - 20%,2,1.0,1
CUBA,2011,20% - 30%,3,1.0,1
CUBA,2011,30% - 40%,4,0.0,0
CUBA,2011,40% - 50%,5,0.0,0
CUBA,2011,50% - 60%,6,0.0,0
CUBA,2011,60% - 70%,7,0.0,0
CUBA,2011,70% - 80%,8,0.0,0
CUBA,2011,80% - 90%,9,0.0,0
CUBA,2011,90% - 100%,10,0.0,0
CUBA,2012,Top 10%,1,4.0,1
CUBA,2012,10% - 20%,2,2.0,1
CUBA,2012,20% - 30%,3,0.0,0
CUBA,2012,30% - 40%,4,0.0,0
CUBA,2012,40% - 50%,5,0.0,0
CUBA,2012,50% - 60%,6,0.0,0
CUBA,2012,60% - 70%,7,0.0,0
CUBA,2012,70% - 80%,8,0.0,0
CUBA,2012,80% - 90%,9,0.0,0
CUBA,2012,90% - 100%,10,0.0,0
CUBA,2013,Top 10%,1,2.0,1
CUBA,2013,10% - 20%,2,1.0,1
CUBA,2013,20% - 30%,3,1.0,1
CUBA,2013,30% - 40%,4,0.0,0
CUBA,2013,40% - 50%,5,0.0,0
CUBA,2013,50% - 60%,6,0.0,0
CUBA,2013,60% - 70%,7,0.0,0
CUBA,2013,70% - 80%,8,0.0,0
CUBA,2013,80% - 90%,9,0.0,0
CUBA,2013,90% - 100%,10,0.0,0
CUBA,2014,Top 10%,1,33.0,1
CUBA,2014,10% - 20%,2,18.0,1
CUBA,2014,20% - 30%,3,13.0,1
CUBA,2014,30% - 40%,4,5.0,1
CUBA,2014,40% - 50%,5,4.0,1
CUBA,2014,50% - 60%,6,1.0,1
CUBA,2014,60% - 70%,7,1.0,1
CUBA,2014,70% - 80%,8,1.0,1
CUBA,2014,80% - 90%,9,0.0,0
CUBA,2014,90% - 100%,10,0.0,0
CUBA,2015,Top 10%,1,4.0,1
CUBA,2015,10% - 20%,2,3.0,1
CUBA,2015,20% - 30%,3,3.0,1
CUBA,2015,30% - 40%,4,0.0,0
CUBA,2015,40% - 50%,5,0.0,0
CUBA,2015,50% - 60%,6,0.0,0
CUBA,2015,60% - 70%,7,0.0,0
CUBA,2015,70% - 80%,8,0.0,0
CUBA,2015,80% - 90%,9,0.0,0
CUBA,2015,90% - 100%,10,0.0,0
CUBA,2016,Top 10%,1,19.0,1
CUBA,2016,10% - 20%,2,1.0,1
CUBA,2016,20% - 30%,3,1.0,1
CUBA,2016,30% - 40%,4,0.0,0
CUBA,2016,40% - 50%,5,0.0,0
CUBA,2016,50% - 60%,6,0.0,0
CUBA,2016,60% - 70%,7,0.0,0
CUBA,2016,70% - 80%,8,0.0,0
CUBA,2016,80% - 90%,9,0.0,0
CUBA,2016,90% - 100%,10,0.0,0
CUBA,2017,Top 10%,1,12.0,1
CUBA,2017,10% - 20%,2,5.0,1
CUBA,2017,20% - 30%,3,0.0,0
CUBA,2017,30% - 40%,4,0.0,0
CUBA,2017,40% - 50%,5,0.0,0
CUBA,2017,50% - 60%,6,0.0,0
CUBA,2017,60% - 70%,7,0.0,0
CUBA,2017,70% - 80%,8,0.0,0
CUBA,2017,80% - 90%,9,0.0,0
CUBA,2017,90% - 100%,10,0.0,0
CUBA,2018,Top 10%,1,9.0,1
CUBA,2018,10% - 20%,2,2.0,1
CUBA,2018,20% - 30%,3,0.0,0
CUBA,2018,30% - 40%,4,0.0,0
CUBA,2018,40% - 50%,5,0.0,0
CUBA,2018,50% - 60%,6,0.0,0
CUBA,2018,60% - 70%,7,0.0,0
CUBA,2018,70% - 80%,8,0.0,0
CUBA,2018,80% - 90%,9,0.0,0
CUBA,2018,90% - 100%,10,0.0,0
CUBA,2019,Top 10%,1,3.0,1
CUBA,2019,10% - 20%,2,2.0,1
CUBA,2019,20% - 30%,3,1.0,1
CUBA,2019,30% - 40%,4,1.0,1
CUBA,2019,40% - 50%,5,0.0,0
CUBA,2019,50% - 60%,6,0.0,0
CUBA,2019,60% - 70%,7,0.0,0
CUBA,2019,70% - 80%,8,0.0,0
CUBA,2019,80% - 90%,9,0.0,0
CUBA,2019,90% - 100%,10,0.0,0
CUBA,2020,Top 10%,1,2.0,1
CUBA,2020,10% - 20%,2,2.0,1
CUBA,2020,20% - 30%,3,1.0,1
CUBA,2020,30% - 40%,4,1.0,1
CUBA,2020,40% - 50%,5,1.0,1
CUBA,2020,50% - 60%,6,1.0,1
CUBA,2020,60% - 70%,7,1.0,1
CUBA,2020,70% - 80%,8,0.0,0
CUBA,2020,80% - 90%,9,0.0,0
CUBA,2020,90% - 100%,10,0.0,0
CUBA,2021,Top 10%,1,2.0,1
CUBA,2021,10% - 20%,2,2.0,1
CUBA,2021,20% - 30%,3,1.0,1
CUBA,2021,30% - 40%,4,1.0,1
CUBA,2021,40% - 50%,5,1.0,1
CUBA,2021,50% - 60%,6,0.0,0
CUBA,2021,60% - 70%,7,0.0,0
CUBA,2021,70% - 80%,8,0.0,0
CUBA,2021,80% - 90%,9,0.0,0
CUBA,2021,90% - 100%,10,0.0,0
CUBA,2022,Top 10%,1,2.0,1
CUBA,2022,10% - 20%,2,2.0,1
CUBA,2022,20% - 30%,3,1.0,1
CUBA,2022,30% - 40%,4,1.0,1
CUBA,2022,40% - 50%,5,1.0,1
CUBA,2022,50% - 60%,6,1.0,1
CUBA,2022,60% - 70%,7,0.0,0
CUBA,2022,70% - 80%,8,0.0,0
CUBA,2022,80% - 90%,9,0.0,0
CUBA,2022,90% - 100%,10,0.0,0
CUBA,2023,Top 10%,1,4.0,1
CUBA,2023,10% - 20%,2,3.0,1
CUBA,2023,20% - 30%,3,1.0,1
CUBA,2023,30% - 40%,4,1.0,1
CUBA,2023,40% - 50%,5,1.0,1
CUBA,2023,50% - 60%,6,1.0,1
CUBA,2023,60% - 70%,7,1.0,1
CUBA,2023,70% - 80%,8,0.0,0
CUBA,2023,80% - 90%,9,0.0,0
CUBA,2023,90% - 100%,10,0.0,0
CUBA,2024,Top 10%,1,3.0,1
CUBA,2024,10% - 20%,2,2.0,1
CUBA,2024,20% - 30%,3,2.0,1
CUBA,2024,30% - 40%,4,2.0,1
CUBA,2024,40% - 50%,5,2.0,1
CUBA,2024,50% - 60%,6,1.0,1
CUBA,2024,60% - 70%,7,1.0,1
CUBA,2024,70% - 80%,8,1.0,1
CUBA,2024,80% - 90%,9,1.0,1
CUBA,2024,90% - 100%,10,1.0,1
CUBA,TODOS,Top 10%,1,34.67,3
CUBA,TODOS,10% - 20%,2,19.0,3
CUBA,TODOS,20% - 30%,3,5.5,2
CUBA,TODOS,30% - 40%,4,5.0,2
CUBA,TODOS,40% - 50%,5,4.5,2
CUBA,TODOS,50% - 60%,6,3.0,2
CUBA,TODOS,60% - 70%,7,2.5,2
CUBA,TODOS,70% - 80%,8,2.0,2
CUBA,TODOS,80% - 90%,9,1.5,2
CUBA,TODOS,90% - 100%,10,1.0,2
ECUADOR,2010,Top 10%,1,3.0,1
ECUADOR,2010,10% - 20%,2,2.0,1
ECUADOR,2010,20% - 30%,3,2.0,1
ECUADOR,2010,30% - 40%,4,1.0,1
ECUADOR,2010,40% - 50%,5,0.0,0
ECUADOR,2010,50% - 60%,6,0.0,0
ECUADOR,2010,60% - 70%,7,0.0,0
ECUADOR,2010,70% - 80%,8,0.0,0
ECUADOR,2010,80% - 90%,9,0.0,0
ECUADOR,2010,90% - 100%,10,0.0,0
ECUADOR,2011,Top 10%,1,2.0,1
ECUADOR,2011,10% - 20%,2,0.0,0
ECUADOR,2011,20% - 30%,3,0.0,0
ECUADOR,2011,30% - 40%,4,0.0,0
ECUADOR,2011,40% - 50%,5,0.0,0
ECUADOR,2011,50% - 60%,6,0.0,0
ECUADOR,2011,60% - 70%,7,0.0,0
ECUADOR,2011,70% - 80%,8,0.0,0
ECUADOR,2011,80% - 90%,9,0.0,0
ECUADOR,2011,90% - 100%,10,0.0,0
ECUADOR,2012,Top 10%,1,1.0,1
ECUADOR,2012,10% - 20%,2,1.0,1
ECUADOR,2012,20% - 30%,3,1.0,1
ECUADOR,2012,30% - 40%,4,0.0,0
ECUADOR,2012,40% - 50%,5,0.0,0
ECUADOR,2012,50% - 60%,6,0.0,0
ECUADOR,2012,60% - 70%,7,0.0,0
ECUADOR,2012,70% - 80%,8,0.0,0
ECUADOR,2012,80% - 90%,9,0.0,0
ECUADOR,2012,90% - 100%,10,0.0,0
ECUADOR,2013,Top 10%,1,13.0,1
ECUADOR,2013,10% - 20%,2,10.0,1
ECUADOR,2013,20% - 30%,3,1.0,1
ECUADOR,2013,30% - 40%,4,0.0,0
ECUADOR,2013,40% - 50%,5,0.0,0
ECUADOR,2013,50% - 60%,6,0.0,0
ECUADOR,2013,60% - 70%,7,0.0,0
ECUADOR,2013,70% - 80%,8,0.0,0
ECUADOR,2013,80% - 90%,9,0.0,0
ECUADOR,2013,90% - 100%,10,0.0,0
ECUADOR,2014,Top 10%,1,6.0,1
ECUADOR,2014,10% - 20%,2,1.0,1
ECUADOR,2014,20% - 30%,3,1.0,1
ECUADOR,2014,30% - 40%,4,0.0,0
ECUADOR,2014,40% - 50%,5,0.0,0
ECUADOR,2014,50% - 60%,6,0.0,0
ECUADOR,2014,60% - 70%,7,0.0,0
ECUADOR,2014,70% - 80%,8,0.0,0
ECUADOR,2014,80% - 90%,9,0.0,0
ECUADOR,2014,90% - 100%,10,0.0,0
ECUADOR,2015,Top 10%,1,1.0,1
ECUADOR,2015,10% - 20%,2,1.0,1
ECUADOR,2015,20% - 30%,3,1.0,1
ECUADOR,2015,30% - 40%,4,0.0,0
ECUADOR,2015,40% - 50%,5,0.0,0
ECUADOR,2015,50% - 60%,6,0.0,0
ECUADOR,2015,60% - 70%,7,0.0,0
ECUADOR,2015,70% - 80%,8,0.0,0
ECUADOR,2015,80% - 90%,9,0.0,0
ECUADOR,2015,90% - 100%,10,0.0,0
ECUADOR,2016,Top 10%,1,10.0,1
ECUADOR,2016,10% - 20%,2,2.0,1
ECUADOR,2016,20% - 30%,3,1.0,1
ECUADOR,2016,30% - 40%,4,1.0,1
ECUADOR,2016,40% - 50%,5,0.0,0
ECUADOR,2016,50% - 60%,6,0.0,0
ECUADOR,2016,60% - 70%,7,0.0,0
ECUADOR,2016,70% - 80%,8,0.0,0
ECUADOR,2016,80% - 90%,9,0.0,0
ECUADOR,2016,90% - 100%,10,0.0,0
ECUADOR,2017,Top 10%,1,13.0,1
ECUADOR,2017,10% - 20%,2,2.0,1
ECUADOR,2017,20% - 30%,3,1.0,1
ECUADOR,2017,30% - 40%,4,1.0,1
ECUADOR,2017,40% - 50%,5,0.0,0
ECUADOR,2017,50% - 60%,6,0.0,0
ECUADOR,2017,60% - 70%,7,0.0,0
ECUADOR,2017,70% - 80%,8,0.0,0
ECUADOR,2017,80% - 90%,9,0.0,0
ECUADOR,2017,90% - 100%,10,0.0,0
ECUADOR,2018,Top 10%,1,2.0,1
ECUADOR,2018,10% - 20%,2,1.0,1
ECUADOR,2018,20% - 30%,3,1.0,1
ECUADOR,2018,30% - 40%,4,1.0,1
ECUADOR,2018,40% - 50%,5,0.0,0
ECUADOR,2018,50% - 60%,6,0.0,0
ECUADOR,2018,60% - 70%,7,0.0,0
ECUADOR,2018,70% - 80%,8,0.0,0
ECUADOR,2018,80% - 90%,9,0.0,0
ECUADOR,2018,90% - 100%,10,0.0,0
ECUADOR,2019,Top 10%,1,2.0,1
ECUADOR,2019,10% - 20%,2,1.0,1
ECUADOR,2019,20% - 30%,3,1.0,1
ECUADOR,2019,30% - 40%,4,1.0,1
ECUADOR,2019,40% - 50%,5,1.0,1
ECUADOR,2019,50% - 60%,6,0.0,0
ECUADOR,2019,60% - 70%,7,0.0,0
ECUADOR,2019,70% - 80%,8,0.0,0
ECUADOR,2019,80% - 90%,9,0.0,0
ECUADOR,2019,90% - 100%,10,0.0,0
ECUADOR,2020,Top 10%,1,2.0,1
ECUADOR,2020,10% - 20%,2,2.0,1
ECUADOR,2020,20% - 30%,3,1.0,1
ECUADOR,2020,30% - 40%,4,0.0,0
ECUADOR,2020,40% - 50%,5,0.0,0
ECUADOR,2020,50% - 60%,6,0.0,0
ECUADOR,2020,60% - 70%,7,0.0,0
ECUADOR,2020,70% - 80%,8,0.0,0
ECUADOR,2020,80% - 90%,9,0.0,0
ECUADOR,2020,90% - 100%,10,0.0,0
ECUADOR,2021,Top 10%,1,3.0,1
ECUADOR,2021,10% - 20%,2,2.0,1
ECUADOR,2021,20% - 30%,3,0.0,0
ECUADOR,2021,30% - 40%,4,0.0,0
ECUADOR,2021,40% - 50%,5,0.0,0
ECUADOR,2021,50% - 60%,6,0.0,0
ECUADOR,2021,60% - 70%,7,0.0,0
ECUADOR,2021,70% - 80%,8,0.0,0
ECUADOR,2021,80% - 90%,9,0.0,0
ECUADOR,2021,90% - 100%,10,0.0,0
ECUADOR,2022,Top 10%,1,1.0,1
ECUADOR,2022,10% - 20%,2,1.0,1
ECUADOR,2022,20% - 30%,3,1.0,1
ECUADOR,2022,30% - 40%,4,1.0,1
ECUADOR,2022,40% - 50%,5,0.0,0
ECUADOR,2022,50% - 60%,6,0.0,0
ECUADOR,2022,60% - 70%,7,0.0,0
ECUADOR,2022,70% - 80%,8,0.0,0
ECUADOR,2022,80% - 90%,9,0.0,0
ECUADOR,2022,90% - 100%,10,0.0,0
ECUADOR,2023,Top 10%,1,2.0,1
ECUADOR,2023,10% - 20%,2,1.0,1
ECUADOR,2023,20% - 30%,3,1.0,1
ECUADOR,2023,30% - 40%,4,1.0,1
ECUADOR,2023,40% - 50%,5,0.0,0
ECUADOR,2023,50% - 60%,6,0.0,0
ECUADOR,2023,60% - 70%,7,0.0,0
ECUADOR,2023,70% - 80%,8,0.0,0
ECUADOR,2023,80% - 90%,9,0.0,0
ECUADOR,2023,90% - 100%,10,0.0,0
ECUADOR,2024,Top 10%,1,4.0,1
ECUADOR,2024,10% - 20%,2,1.0,1
ECUADOR,2024,20% - 30%,3,1.0,1
ECUADOR,2024,30% - 40%,4,1.0,1
ECUADOR,2024,40% - 50%,5,1.0,1
ECUADOR,2024,50% - 60%,6,1.0,1
ECUADOR,2024,60% - 70%,7,0.0,0
ECUADOR,2024,70% - 80%,8,0.0,0
ECUADOR,2024,80% - 90%,9,0.0,0
ECUADOR,2024,90% - 100%,10,0.0,0
ECUADOR,TODOS,Top 10%,1,16.5,4
ECUADOR,TODOS,10% - 20%,2,4.33,3
ECUADOR,TODOS,20% - 30%,3,3.33,3
ECUADOR,TODOS,30% - 40%,4,2.33,3
ECUADOR,TODOS,40% - 50%,5,2.0,3
ECUADOR,TODOS,50% - 60%,6,1.33,3
ECUADOR,TODOS,60% - 70%,7,1.0,3
ECUADOR,TODOS,70% - 80%,8,1.0,3
ECUADOR,TODOS,80% - 90%,9,1.0,3
ECUADOR,TODOS,90% - 100%,10,1.0,3
EL SALVADOR,2010,Top 10%,1,3.0,1
EL SALVADOR,2010,10% - 20%,2,0.0,0
EL SALVADOR,2010,20% - 30%,3,0.0,0
EL SALVADOR,2010,30% - 40%,4,0.0,0
EL SALVADOR,2010,40% - 50%,5,0.0,0
EL SALVADOR,2010,50% - 60%,6,0.0,0
EL SALVADOR,2010,60% - 70%,7,0.0,0
EL SALVADOR,2010,70% - 80%,8,0.0,0
EL SALVADOR,2010,80% - 90%,9,0.0,0
EL SALVADOR,2010,90% - 100%,10,0.0,0
EL SALVADOR,2012,Top 10%,1,1.0,1
EL SALVADOR,2012,10% - 20%,2,0.0,0
EL SALVADOR,2012,20% - 30%,3,0.0,0
EL SALVADOR,2012,30% - 40%,4,0.0,0
EL SALVADOR,2012,40% - 50%,5,0.0,0
EL SALVADOR,2012,50% - 60%,6,0.0,0
EL SALVADOR,2012,60% - 70%,7,0.0,0
EL SALVADOR,2012,70% - 80%,8,0.0,0
EL SALVADOR,2012,80% - 90%,9,0.0,0
EL SALVADOR,2012,90% - 100%,10,0.0,0
EL SALVADOR,2013,Top 10%,1,1.0,1
EL SALVADOR,2013,10% - 20%,2,0.0,0
EL SALVADOR,2013,20% - 30%,3,0.0,0
EL SALVADOR,2013,30% - 40%,4,0.0,0
EL SALVADOR,2013,40% - 50%,5,0.0,0
EL SALVADOR,2013,50% - 60%,6,0.0,0
EL SALVADOR,2013,60% - 70%,7,0.0,0
EL SALVADOR,2013,70% - 80%,8,0.0,0
EL SALVADOR,2013,80% - 90%,9,0.0,0
EL SALVADOR,2013,90% - 100%,10,0.0,0
EL SALVADOR,2014,Top 10%,1,33.0,1
EL SALVADOR,2014,10% - 20%,2,2.0,1
EL SALVADOR,2014,20% - 30%,3,1.0,1
EL SALVADOR,2014,30% - 40%,4,0.0,0
EL SALVADOR,2014,40% - 50%,5,0.0,0
EL SALVADOR,2014,50% - 60%,6,0.0,0
EL SALVADOR,2014,60% - 70%,7,0.0,0
EL SALVADOR,2014,70% - 80%,8,0.0,0
EL SALVADOR,2014,80% - 90%,9,0.0,0
EL SALVADOR,2014,90% - 100%,10,0.0,0
EL SALVADOR,2015,Top 10%,1,3.0,1
EL SALVADOR,2015,10% - 20%,2,1.0,1
EL SALVADOR,2015,20% - 30%,3,0.0,0
EL SALVADOR,2015,30% - 40%,4,0.0,0
EL SALVADOR,2015,40% - 50%,5,0.0,0
EL SALVADOR,2015,50% - 60%,6,0.0,0
EL SALVADOR,2015,60% - 70%,7,0.0,0
EL SALVADOR,2015,70% - 80%,8,0.0,0
EL SALVADOR,2015,80% - 90%,9,0.0,0
EL SALVADOR,2015,90% - 100%,10,0.0,0
EL SALVADOR,2017,Top 10%,1,1.0,1
EL SALVADOR,2017,10% - 20%,2,1.0,1
EL SALVADOR,2017,20% - 30%,3,0.0,0
EL SALVADOR,2017,30% - 40%,4,0.0,0
EL SALVADOR,2017,40% - 50%,5,0.0,0
EL SALVADOR,2017,50% - 60%,6,0.0,0
EL SALVADOR,2017,60% - 70%,7,0.0,0
EL SALVADOR,2017,70% - 80%,8,0.0,0
EL SALVADOR,2017,80% - 90%,9,0.0,0
EL SALVADOR,2017,90% - 100%,10,0.0,0
EL SALVADOR,2020,Top 10%,1,2.0,1
EL SALVADOR,2020,10% - 20%,2,1.0,1
EL SALVADOR,2020,20% - 30%,3,0.0,0
EL SALVADOR,2020,30% - 40%,4,0.0,0
EL SALVADOR,2020,40% - 50%,5,0.0,0
EL SALVADOR,2020,50% - 60%,6,0.0,0
EL SALVADOR,2020,60% - 70%,7,0.0,0
EL SALVADOR,2020,70% - 80%,8,0.0,0
EL SALVADOR,2020,80% - 90%,9,0.0,0
EL SALVADOR,2020,90% - 100%,10,0.0,0
EL SALVADOR,2022,Top 10%,1,2.0,1
EL SALVADOR,2022,10% - 20%,2,1.0,1
EL SALVADOR,2022,20% - 30%,3,0.0,0
EL SALVADOR,2022,30% - 40%,4,0.0,0
EL SALVADOR,2022,40% - 50%,5,0.0,0
EL SALVADOR,2022,50% - 60%,6,0.0,0
EL SALVADOR,2022,60% - 70%,7,0.0,0
EL SALVADOR,2022,70% - 80%,8,0.0,0
EL SALVADOR,2022,80% - 90%,9,0.0,0
EL SALVADOR,2022,90% - 100%,10,0.0,0
EL SALVADOR,2024,Top 10%,1,1.0,1
EL SALVADOR,2024,10% - 20%,2,0.0,0
EL SALVADOR,2024,20% - 30%,3,0.0,0
EL SALVADOR,2024,30% - 40%,4,0.0,0
EL SALVADOR,2024,40% - 50%,5,0.0,0
EL SALVADOR,2024,50% - 60%,6,0.0,0
EL SALVADOR,2024,60% - 70%,7,0.0,0
EL SALVADOR,2024,70% - 80%,8,0.0,0
EL SALVADOR,2024,80% - 90%,9,0.0,0
EL SALVADOR,2024,90% - 100%,10,0.0,0
EL SALVADOR,TODOS,Top 10%,1,38.0,1
EL SALVADOR,TODOS,10% - 20%,2,3.0,1
EL SALVADOR,TODOS,20% - 30%,3,3.0,1
EL SALVADOR,TODOS,30% - 40%,4,3.0,1
EL SALVADOR,TODOS,40% - 50%,5,2.0,1
EL SALVADOR,TODOS,50% - 60%,6,2.0,1
EL SALVADOR,TODOS,60% - 70%,7,1.0,1
EL SALVADOR,TODOS,70% - 80%,8,1.0,1
EL SALVADOR,TODOS,80% - 90%,9,1.0,1
EL SALVADOR,TODOS,90% - 100%,10,0.0,0
GUATEMALA,2010,Top 10%,1,4.0,1
GUATEMALA,2010,10% - 20%,2,2.0,1
GUATEMALA,2010,20% - 30%,3,1.0,1
GUATEMALA,2010,30% - 40%,4,0.0,0
GUATEMALA,2010,40% - 50%,5,0.0,0
GUATEMALA,2010,50% - 60%,6,0.0,0
GUATEMALA,2010,60% - 70%,7,0.0,0
GUATEMALA,2010,70% - 80%,8,0.0,0
GUATEMALA,2010,80% - 90%,9,0.0,0
GUATEMALA,2010,90% - 100%,10,0.0,0
GUATEMALA,2011,Top 10%,1,6.0,1
GUATEMALA,2011,10% - 20%,2,1.0,1
GUATEMALA,2011,20% - 30%,3,1.0,1
GUATEMALA,2011,30% - 40%,4,0.0,0
GUATEMALA,2011,40% - 50%,5,0.0,0
GUATEMALA,2011,50% - 60%,6,0.0,0
GUATEMALA,2011,60% - 70%,7,0.0,0
GUATEMALA,2011,70% - 80%,8,0.0,0
GUATEMALA,2011,80% - 90%,9,0.0,0
GUATEMALA,2011,90% - 100%,10,0.0,0
GUATEMALA,2012,Top 10%,1,3.0,1
GUATEMALA,2012,10% - 20%,2,1.0,1
GUATEMALA,2012,20% - 30%,3,0.0,0
GUATEMALA,2012,30% - 40%,4,0.0,0
GUATEMALA,2012,40% - 50%,5,0.0,0
GUATEMALA,2012,50% - 60%,6,0.0,0
GUATEMALA,2012,60% - 70%,7,0.0,0
GUATEMALA,2012,70% - 80%,8,0.0,0
GUATEMALA,2012,80% - 90%,9,0.0,0
GUATEMALA,2012,90% - 100%,10,0.0,0
GUATEMALA,2013,Top 10%,1,2.0,1
GUATEMALA,2013,10% - 20%,2,1.0,1
GUATEMALA,2013,20% - 30%,3,1.0,1
GUATEMALA,2013,30% - 40%,4,0.0,0
GUATEMALA,2013,40% - 50%,5,0.0,0
GUATEMALA,2013,50% - 60%,6,0.0,0
GUATEMALA,2013,60% - 70%,7,0.0,0
GUATEMALA,2013,70% - 80%,8,0.0,0
GUATEMALA,2013,80% - 90%,9,0.0,0
GUATEMALA,2013,90% - 100%,10,0.0,0
GUATEMALA,2014,Top 10%,1,5.0,1
GUATEMALA,2014,10% - 20%,2,1.0,1
GUATEMALA,2014,20% - 30%,3,0.0,0
GUATEMALA,2014,30% - 40%,4,0.0,0
GUATEMALA,2014,40% - 50%,5,0.0,0
GUATEMALA,2014,50% - 60%,6,0.0,0
GUATEMALA,2014,60% - 70%,7,0.0,0
GUATEMALA,2014,70% - 80%,8,0.0,0
GUATEMALA,2014,80% - 90%,9,0.0,0
GUATEMALA,2014,90% - 100%,10,0.0,0
GUATEMALA,2015,Top 10%,1,24.0,1
GUATEMALA,2015,10% - 20%,2,1.0,1
GUATEMALA,2015,20% - 30%,3,1.0,1
GUATEMALA,2015,30% - 40%,4,0.0,0
GUATEMALA,2015,40% - 50%,5,0.0,0
GUATEMALA,2015,50% - 60%,6,0.0,0
GUATEMALA,2015,60% - 70%,7,0.0,0
GUATEMALA,2015,70% - 80%,8,0.0,0
GUATEMALA,2015,80% - 90%,9,0.0,0
GUATEMALA,2015,90% - 100%,10,0.0,0
GUATEMALA,2016,Top 10%,1,7.0,1
GUATEMALA,2016,10% - 20%,2,4.0,1
GUATEMALA,2016,20% - 30%,3,1.0,1
GUATEMALA,2016,30% - 40%,4,0.0,0
GUATEMALA,2016,40% - 50%,5,0.0,0
GUATEMALA,2016,50% - 60%,6,0.0,0
GUATEMALA,2016,60% - 70%,7,0.0,0
GUATEMALA,2016,70% - 80%,8,0.0,0
GUATEMALA,2016,80% - 90%,9,0.0,0
GUATEMALA,2016,90% - 100%,10,0.0,0
GUATEMALA,2017,Top 10%,1,2.0,1
GUATEMALA,2017,10% - 20%,2,2.0,1
GUATEMALA,2017,20% - 30%,3,0.0,0
GUATEMALA,2017,30% - 40%,4,0.0,0
GUATEMALA,2017,40% - 50%,5,0.0,0
GUATEMALA,2017,50% - 60%,6,0.0,0
GUATEMALA,2017,60% - 70%,7,0.0,0
GUATEMALA,2017,70% - 80%,8,0.0,0
GUATEMALA,2017,80% - 90%,9,0.0,0
GUATEMALA,2017,90% - 100%,10,0.0,0
GUATEMALA,2018,Top 10%,1,2.0,1
GUATEMALA,2018,10% - 20%,2,1.0,1
GUATEMALA,2018,20% - 30%,3,1.0,1
GUATEMALA,2018,30% - 40%,4,1.0,1
GUATEMALA,2018,40% - 50%,5,0.0,0
GUATEMALA,2018,50% - 60%,6,0.0,0
GUATEMALA,2018,60% - 70%,7,0.0,0
GUATEMALA,2018,70% - 80%,8,0.0,0
GUATEMALA,2018,80% - 90%,9,0.0,0
GUATEMALA,2018,90% - 100%,10,0.0,0
GUATEMALA,2019,Top 10%,1,2.0,1
GUATEMALA,2019,10% - 20%,2,1.0,1
GUATEMALA,2019,20% - 30%,3,1.0,1
GUATEMALA,2019,30% - 40%,4,0.0,0
GUATEMALA,2019,40% - 50%,5,0.0,0
GUATEMALA,2019,50% - 60%,6,0.0,0
GUATEMALA,2019,60% - 70%,7,0.0,0
GUATEMALA,2019,70% - 80%,8,0.0,0
GUATEMALA,2019,80% - 90%,9,0.0,0
GUATEMALA,2019,90% - 100%,10,0.0,0
GUATEMALA,2020,Top 10%,1,2.0,1
GUATEMALA,2020,10% - 20%,2,2.0,1
GUATEMALA,2020,20% - 30%,3,1.0,1
GUATEMALA,2020,30% - 40%,4,0.0,0
GUATEMALA,2020,40% - 50%,5,0.0,0
GUATEMALA,2020,50% - 60%,6,0.0,0
GUATEMALA,2020,60% - 70%,7,0.0,0
GUATEMALA,2020,70% - 80%,8,0.0,0
GUATEMALA,2020,80% - 90%,9,0.0,0
GUATEMALA,2020,90% - 100%,10,0.0,0
GUATEMALA,2021,Top 10%,1,8.0,1
GUATEMALA,2021,10% - 20%,2,1.0,1
GUATEMALA,2021,20% - 30%,3,0.0,0
GUATEMALA,2021,30% - 40%,4,0.0,0
GUATEMALA,2021,40% - 50%,5,0.0,0
GUATEMALA,2021,50% - 60%,6,0.0,0
GUATEMALA,2021,60% - 70%,7,0.0,0
GUATEMALA,2021,70% - 80%,8,0.0,0
GUATEMALA,2021,80% - 90%,9,0.0,0
GUATEMALA,2021,90% - 100%,10,0.0,0
GUATEMALA,2022,Top 10%,1,3.0,1
GUATEMALA,2022,10% - 20%,2,1.0,1
GUATEMALA,2022,20% - 30%,3,1.0,1
GUATEMALA,2022,30% - 40%,4,1.0,1
GUATEMALA,2022,40% - 50%,5,1.0,1
GUATEMALA,2022,50% - 60%,6,0.0,0
GUATEMALA,2022,60% - 70%,7,0.0,0
GUATEMALA,2022,70% - 80%,8,0.0,0
GUATEMALA,2022,80% - 90%,9,0.0,0
GUATEMALA,2022,90% - 100%,10,0.0,0
GUATEMALA,2023,Top 10%,1,1.0,1
GUATEMALA,2023,10% - 20%,2,1.0,1
GUATEMALA,2023,20% - 30%,3,0.0,0
GUATEMALA,2023,30% - 40%,4,0.0,0
GUATEMALA,2023,40% - 50%,5,0.0,0
GUATEMALA,2023,50% - 60%,6,0.0,0
GUATEMALA,2023,60% - 70%,7,0.0,0
GUATEMALA,2023,70% - 80%,8,0.0,0
GUATEMALA,2023,80% - 90%,9,0.0,0
GUATEMALA,2023,90% - 100%,10,0.0,0
GUATEMALA,2024,Top 10%,1,1.0,1
GUATEMALA,2024,10% - 20%,2,0.0,0
GUATEMALA,2024,20% - 30%,3,0.0,0
GUATEMALA,2024,30% - 40%,4,0.0,0
GUATEMALA,2024,40% - 50%,5,0.0,0
GUATEMALA,2024,50% - 60%,6,0.0,0
GUATEMALA,2024,60% - 70%,7,0.0,0
GUATEMALA,2024,70% - 80%,8,0.0,0
GUATEMALA,2024,80% - 90%,9,0.0,0
GUATEMALA,2024,90% - 100%,10,0.0,0
GUATEMALA,TODOS,Top 10%,1,34.5,2
GUATEMALA,TODOS,10% - 20%,2,6.0,2
GUATEMALA,TODOS,20% - 30%,3,3.5,2
GUATEMALA,TODOS,30% - 40%,4,3.0,2
GUATEMALA,TODOS,40% - 50%,5,2.0,2
GUATEMALA,TODOS,50% - 60%,6,1.0,2
GUATEMALA,TODOS,60% - 70%,7,1.0,1
GUATEMALA,TODOS,70% - 80%,8,1.0,1
GUATEMALA,TODOS,80% - 90%,9,1.0,1
GUATEMALA,TODOS,90% - 100%,10,1.0,1
HONDURAS,2017,Top 10%,1,1.0,1
HONDURAS,2017,10% - 20%,2,0.0,0
HONDURAS,2017,20% - 30%,3,0.0,0
HONDURAS,2017,30% - 40%,4,0.0,0
HONDURAS,2017,40% - 50%,5,0.0,0
HONDURAS,2017,50% - 60%,6,0.0,0
HONDURAS,2017,60% - 70%,7,0.0,0
HONDURAS,2017,70% - 80%,8,0.0,0
HONDURAS,2017,80% - 90%,9,0.0,0
HONDURAS,2017,90% - 100%,10,0.0,0
HONDURAS,2018,Top 10%,1,1.0,1
HONDURAS,2018,10% - 20%,2,0.0,0
HONDURAS,2018,20% - 30%,3,0.0,0
HONDURAS,2018,30% - 40%,4,0.0,0
HONDURAS,2018,40% - 50%,5,0.0,0
HONDURAS,2018,50% - 60%,6,0.0,0
HONDURAS,2018,60% - 70%,7,0.0,0
HONDURAS,2018,70% - 80%,8,0.0,0
HONDURAS,2018,80% - 90%,9,0.0,0
HONDURAS,2018,90% - 100%,10,0.0,0
HONDURAS,2019,Top 10%,1,1.0,1
HONDURAS,2019,10% - 20%,2,0.0,0
HONDURAS,2019,20% - 30%,3,0.0,0
HONDURAS,2019,30% - 40%,4,0.0,0
HONDURAS,2019,40% - 50%,5,0.0,0
HONDURAS,2019,50% - 60%,6,0.0,0
HONDURAS,2019,60% - 70%,7,0.0,0
HONDURAS,2019,70% - 80%,8,0.0,0
HONDURAS,2019,80% - 90%,9,0.0,0
HONDURAS,2019,90% - 100%,10,0.0,0
HONDURAS,2023,Top 10%,1,10.0,1
HONDURAS,2023,10% - 20%,2,1.0,1
HONDURAS,2023,20% - 30%,3,0.0,0
HONDURAS,2023,30% - 40%,4,0.0,0
HONDURAS,2023,40% - 50%,5,0.0,0
HONDURAS,2023,50% - 60%,6,0.0,0
HONDURAS,2023,60% - 70%,7,0.0,0
HONDURAS,2023,70% - 80%,8,0.0,0
HONDURAS,2023,80% - 90%,9,0.0,0
HONDURAS,2023,90% - 100%,10,0.0,0
HONDURAS,TODOS,Top 10%,1,10.0,1
HONDURAS,TODOS,10% - 20%,2,2.0,1
HONDURAS,TODOS,20% - 30%,3,1.0,1
HONDURAS,TODOS,30% - 40%,4,1.0,1
HONDURAS,TODOS,40% - 50%,5,0.0,0
HONDURAS,TODOS,50% - 60%,6,0.0,0
HONDURAS,TODOS,60% - 70%,7,0.0,0
HONDURAS,TODOS,70% - 80%,8,0.0,0
HONDURAS,TODOS,80% - 90%,9,0.0,0
HONDURAS,TODOS,90% - 100%,10,0.0,0
MÉXICO,2010,Top 10%,1,42.43,7
MÉXICO,2010,10% - 20%,2,12.71,7
MÉXICO,2010,20% - 30%,3,6.0,7
MÉXICO,2010,30% - 40%,4,3.43,7
MÉXICO,2010,40% - 50%,5,2.14,7
MÉXICO,2010,50% - 60%,6,1.57,7
MÉXICO,2010,60% - 70%,7,1.0,6
MÉXICO,2010,70% - 80%,8,1.0,6
MÉXICO,2010,80% - 90%,9,1.0,6
MÉXICO,2010,90% - 100%,10,1.0,6
MÉXICO,2011,Top 10%,1,51.71,7
MÉXICO,2011,10% - 20%,2,16.14,7
MÉXICO,2011,20% - 30%,3,6.0,7
MÉXICO,2011,30% - 40%,4,3.43,7
MÉXICO,2011,40% - 50%,5,2.29,7
MÉXICO,2011,50% - 60%,6,1.43,7
MÉXICO,2011,60% - 70%,7,1.0,7
MÉXICO,2011,70% - 80%,8,1.0,7
MÉXICO,2011,80% - 90%,9,1.0,7
MÉXICO,2011,90% - 100%,10,1.0,7
MÉXICO,2012,Top 10%,1,75.17,6
MÉXICO,2012,10% - 20%,2,23.0,6
MÉXICO,2012,20% - 30%,3,10.33,6
MÉXICO,2012,30% - 40%,4,5.67,6
MÉXICO,2012,40% - 50%,5,3.5,6
MÉXICO,2012,50% - 60%,6,2.0,6
MÉXICO,2012,60% - 70%,7,1.33,6
MÉXICO,2012,70% - 80%,8,1.0,6
MÉXICO,2012,80% - 90%,9,1.0,5
MÉXICO,2012,90% - 100%,10,1.0,5
MÉXICO,2013,Top 10%,1,74.0,8
MÉXICO,2013,10% - 20%,2,17.25,8
MÉXICO,2013,20% - 30%,3,7.25,8
MÉXICO,2013,30% - 40%,4,3.88,8
MÉXICO,2013,40% - 50%,5,2.88,8
MÉXICO,2013,50% - 60%,6,2.0,8
MÉXICO,2013,60% - 70%,7,1.0,8
MÉXICO,2013,70% - 80%,8,1.0,7
MÉXICO,2013,80% - 90%,9,1.0,7
MÉXICO,2013,90% - 100%,10,1.0,7
MÉXICO,2014,Top 10%,1,58.75,8
MÉXICO,2014,10% - 20%,2,12.38,8
MÉXICO,2014,20% - 30%,3,5.62,8
MÉXICO,2014,30% - 40%,4,3.88,8
MÉXICO,2014,40% - 50%,5,2.12,8
MÉXICO,2014,50% - 60%,6,1.71,7
MÉXICO,2014,60% - 70%,7,1.0,7
MÉXICO,2014,70% - 80%,8,1.0,7
MÉXICO,2014,80% - 90%,9,1.0,7
MÉXICO,2014,90% - 100%,10,1.0,7
MÉXICO,2015,Top 10%,1,56.3,10
MÉXICO,2015,10% - 20%,2,11.2,10
MÉXICO,2015,20% - 30%,3,5.9,10
MÉXICO,2015,30% - 40%,4,4.1,10
MÉXICO,2015,40% - 50%,5,3.3,10
MÉXICO,2015,50% - 60%,6,2.2,10
MÉXICO,2015,60% - 70%,7,1.89,9
MÉXICO,2015,70% - 80%,8,1.0,9
MÉXICO,2015,80% - 90%,9,1.0,9
MÉXICO,2015,90% - 100%,10,1.0,9
MÉXICO,2016,Top 10%,1,128.7,10
MÉXICO,2016,10% - 20%,2,16.2,10
MÉXICO,2016,20% - 30%,3,6.5,10
MÉXICO,2016,30% - 40%,4,3.7,10
MÉXICO,2016,40% - 50%,5,2.6,10
MÉXICO,2016,50% - 60%,6,1.7,10
MÉXICO,2016,60% - 70%,7,1.0,10
MÉXICO,2016,70% - 80%,8,1.0,10
MÉXICO,2016,80% - 90%,9,1.0,10
MÉXICO,2016,90% - 100%,10,1.0,10
MÉXICO,2017,Top 10%,1,161.45,11
MÉXICO,2017,10% - 20%,2,27.55,11
MÉXICO,2017,20% - 30%,3,7.82,11
MÉXICO,2017,30% - 40%,4,4.36,11
MÉXICO,2017,40% - 50%,5,2.73,11
MÉXICO,2017,50% - 60%,6,2.0,11
MÉXICO,2017,60% - 70%,7,1.36,11
MÉXICO,2017,70% - 80%,8,1.0,10
MÉXICO,2017,80% - 90%,9,1.0,10
MÉXICO,2017,90% - 100%,10,1.0,10
MÉXICO,2018,Top 10%,1,157.17,12
MÉXICO,2018,10% - 20%,2,20.55,11
MÉXICO,2018,20% - 30%,3,9.0,11
MÉXICO,2018,30% - 40%,4,5.09,11
MÉXICO,2018,40% - 50%,5,3.45,11
MÉXICO,2018,50% - 60%,6,2.09,11
MÉXICO,2018,60% - 70%,7,1.36,11
MÉXICO,2018,70% - 80%,8,1.0,11
MÉXICO,2018,80% - 90%,9,1.0,11
MÉXICO,2018,90% - 100%,10,1.0,11
MÉXICO,2019,Top 10%,1,195.64,11
MÉXICO,2019,10% - 20%,2,24.2,10
MÉXICO,2019,20% - 30%,3,9.8,10
MÉXICO,2019,30% - 40%,4,4.6,10
MÉXICO,2019,40% - 50%,5,3.0,10
MÉXICO,2019,50% - 60%,6,2.0,10
MÉXICO,2019,60% - 70%,7,1.1,10
MÉXICO,2019,70% - 80%,8,1.0,10
MÉXICO,2019,80% - 90%,9,1.0,10
MÉXICO,2019,90% - 100%,10,1.0,10
MÉXICO,2020,Top 10%,1,157.22,9
MÉXICO,2020,10% - 20%,2,18.0,9
MÉXICO,2020,20% - 30%,3,5.56,9
MÉXICO,2020,30% - 40%,4,3.56,9
MÉXICO,2020,40% - 50%,5,2.44,9
MÉXICO,2020,50% - 60%,6,2.0,9
MÉXICO,2020,60% - 70%,7,1.11,9
MÉXICO,2020,70% - 80%,8,1.0,9
MÉXICO,2020,80% - 90%,9,1.0,9
MÉXICO,2020,90% - 100%,10,1.0,9
MÉXICO,2021,Top 10%,1,188.33,9
MÉXICO,2021,10% - 20%,2,16.0,9
MÉXICO,2021,20% - 30%,3,9.0,8
MÉXICO,2021,30% - 40%,4,4.62,8
MÉXICO,2021,40% - 50%,5,3.25,8
MÉXICO,2021,50% - 60%,6,2.0,8
MÉXICO,2021,60% - 70%,7,1.62,8
MÉXICO,2021,70% - 80%,8,1.0,8
MÉXICO,2021,80% - 90%,9,1.0,8
MÉXICO,2021,90% - 100%,10,1.0,8
MÉXICO,2022,Top 10%,1,234.0,9
MÉXICO,2022,10% - 20%,2,26.44,9
MÉXICO,2022,20% - 30%,3,7.33,9
MÉXICO,2022,30% - 40%,4,4.22,9
MÉXICO,2022,40% - 50%,5,2.56,9
MÉXICO,2022,50% - 60%,6,2.0,8
MÉXICO,2022,60% - 70%,7,1.75,8
MÉXICO,2022,70% - 80%,8,1.0,8
MÉXICO,2022,80% - 90%,9,1.0,8
MÉXICO,2022,90% - 100%,10,1.0,8
MÉXICO,2023,Top 10%,1,231.44,9
MÉXICO,2023,10% - 20%,2,20.44,9
MÉXICO,2023,20% - 30%,3,9.67,9
MÉXICO,2023,30% - 40%,4,4.89,9
MÉXICO,2023,40% - 50%,5,3.11,9
MÉXICO,2023,50% - 60%,6,2.11,9
MÉXICO,2023,60% - 70%,7,1.56,9
MÉXICO,2023,70% - 80%,8,1.0,8
MÉXICO,2023,80% - 90%,9,1.0,8
MÉXICO,2023,90% - 100%,10,1.0,8
MÉXICO,2024,Top 10%,1,365.43,7
MÉXICO,2024,10% - 20%,2,36.86,7
MÉXICO,2024,20% - 30%,3,11.57,7
MÉXICO,2024,30% - 40%,4,5.86,7
MÉXICO,2024,40% - 50%,5,3.14,7
MÉXICO,2024,50% - 60%,6,2.0,7
MÉXICO,2024,60% - 70%,7,1.86,7
MÉXICO,2024,70% - 80%,8,1.0,7
MÉXICO,2024,80% - 90%,9,1.0,7
MÉXICO,2024,90% - 100%,10,1.0,6
MÉXICO,TODOS,Top 10%,1,665.0,34
MÉXICO,TODOS,10% - 20%,2,31.97,34
MÉXICO,TODOS,20% - 30%,3,15.91,34
MÉXICO,TODOS,30% - 40%,4,9.3,33
MÉXICO,TODOS,40% - 50%,5,5.76,33
MÉXICO,TODOS,50% - 60%,6,3.45,33
MÉXICO,TODOS,60% - 70%,7,2.12,33
MÉXICO,TODOS,70% - 80%,8,1.33,33
MÉXICO,TODOS,80% - 90%,9,1.0,33
MÉXICO,TODOS,90% - 100%,10,1.0,33
NICARAGUA,2010,Top 10%,1,1.0,1
NICARAGUA,2010,10% - 20%,2,0.0,0
NICARAGUA,2010,20% - 30%,3,0.0,0
NICARAGUA,2010,30% - 40%,4,0.0,0
NICARAGUA,2010,40% - 50%,5,0.0,0
NICARAGUA,2010,50% - 60%,6,0.0,0
NICARAGUA,2010,60% - 70%,7,0.0,0
NICARAGUA,2010,70% - 80%,8,0.0,0
NICARAGUA,2010,80% - 90%,9,0.0,0
NICARAGUA,2010,90% - 100%,10,0.0,0
NICARAGUA,2011,Top 10%,1,1.0,1
NICARAGUA,2011,10% - 20%,2,0.0,0
NICARAGUA,2011,20% - 30%,3,0.0,0
NICARAGUA,2011,30% - 40%,4,0.0,0
NICARAGUA,2011,40% - 50%,5,0.0,0
NICARAGUA,2011,50% - 60%,6,0.0,0
NICARAGUA,2011,60% - 70%,7,0.0,0
NICARAGUA,2011,70% - 80%,8,0.0,0
NICARAGUA,2011,80% - 90%,9,0.0,0
NICARAGUA,2011,90% - 100%,10,0.0,0
NICARAGUA,2013,Top 10%,1,1.0,1
NICARAGUA,2013,10% - 20%,2,0.0,0
NICARAGUA,2013,20% - 30%,3,0.0,0
NICARAGUA,2013,30% - 40%,4,0.0,0
NICARAGUA,2013,40% - 50%,5,0.0,0
NICARAGUA,2013,50% - 60%,6,0.0,0
NICARAGUA,2013,60% - 70%,7,0.0,0
NICARAGUA,2013,70% - 80%,8,0.0,0
NICARAGUA,2013,80% - 90%,9,0.0,0
NICARAGUA,2013,90% - 100%,10,0.0,0
NICARAGUA,2014,Top 10%,1,1.0,1
NICARAGUA,2014,10% - 20%,2,0.0,0
NICARAGUA,2014,20% - 30%,3,0.0,0
NICARAGUA,2014,30% - 40%,4,0.0,0
NICARAGUA,2014,40% - 50%,5,0.0,0
NICARAGUA,2014,50% - 60%,6,0.0,0
NICARAGUA,2014,60% - 70%,7,0.0,0
NICARAGUA,2014,70% - 80%,8,0.0,0
NICARAGUA,2014,80% - 90%,9,0.0,0
NICARAGUA,2014,90% - 100%,10,0.0,0
NICARAGUA,2016,Top 10%,1,1.0,1
NICARAGUA,2016,10% - 20%,2,0.0,0
NICARAGUA,2016,20% - 30%,3,0.0,0
NICARAGUA,2016,30% - 40%,4,0.0,0
NICARAGUA,2016,40% - 50%,5,0.0,0
NICARAGUA,2016,50% - 60%,6,0.0,0
NICARAGUA,2016,60% - 70%,7,0.0,0
NICARAGUA,2016,70% - 80%,8,0.0,0
NICARAGUA,2016,80% - 90%,9,0.0,0
NICARAGUA,2016,90% - 100%,10,0.0,0
NICARAGUA,TODOS,Top 10%,1,1.0,1
NICARAGUA,TODOS,10% - 20%,2,1.0,1
NICARAGUA,TODOS,20% - 30%,3,1.0,1
NICARAGUA,TODOS,30% - 40%,4,1.0,1
NICARAGUA,TODOS,40% - 50%,5,1.0,1
NICARAGUA,TODOS,50% - 60%,6,0.0,0
NICARAGUA,TODOS,60% - 70%,7,0.0,0
NICARAGUA,TODOS,70% - 80%,8,0.0,0
NICARAGUA,TODOS,80% - 90%,9,0.0,0
NICARAGUA,TODOS,90% - 100%,10,0.0,0
PANAMÁ,2010,Top 10%,1,7.0,1
PANAMÁ,2010,10% - 20%,2,0.0,0
PANAMÁ,2010,20% - 30%,3,0.0,0
PANAMÁ,2010,30% - 40%,4,0.0,0
PANAMÁ,2010,40% - 50%,5,0.0,0
PANAMÁ,2010,50% - 60%,6,0.0,0
PANAMÁ,2010,60% - 70%,7,0.0,0
PANAMÁ,2010,70% - 80%,8,0.0,0
PANAMÁ,2010,80% - 90%,9,0.0,0
PANAMÁ,2010,90% - 100%,10,0.0,0
PANAMÁ,2011,Top 10%,1,14.0,1
PANAMÁ,2011,10% - 20%,2,10.0,1
PANAMÁ,2011,20% - 30%,3,0.0,0
PANAMÁ,2011,30% - 40%,4,0.0,0
PANAMÁ,2011,40% - 50%,5,0.0,0
PANAMÁ,2011,50% - 60%,6,0.0,0
PANAMÁ,2011,60% - 70%,7,0.0,0
PANAMÁ,2011,70% - 80%,8,0.0,0
PANAMÁ,2011,80% - 90%,9,0.0,0
PANAMÁ,2011,90% - 100%,10,0.0,0
PANAMÁ,2012,Top 10%,1,16.0,1
PANAMÁ,2012,10% - 20%,2,0.0,0
PANAMÁ,2012,20% - 30%,3,0.0,0
PANAMÁ,2012,30% - 40%,4,0.0,0
PANAMÁ,2012,40% - 50%,5,0.0,0
PANAMÁ,2012,50% - 60%,6,0.0,0
PANAMÁ,2012,60% - 70%,7,0.0,0
PANAMÁ,2012,70% - 80%,8,0.0,0
PANAMÁ,2012,80% - 90%,9,0.0,0
PANAMÁ,2012,90% - 100%,10,0.0,0
PANAMÁ,2013,Top 10%,1,20.0,1
PANAMÁ,2013,10% - 20%,2,4.0,1
PANAMÁ,2013,20% - 30%,3,0.0,0
PANAMÁ,2013,30% - 40%,4,0.0,0
PANAMÁ,2013,40% - 50%,5,0.0,0
PANAMÁ,2013,50% - 60%,6,0.0,0
PANAMÁ,2013,60% - 70%,7,0.0,0
PANAMÁ,2013,70% - 80%,8,0.0,0
PANAMÁ,2013,80% - 90%,9,0.0,0
PANAMÁ,2013,90% - 100%,10,0.0,0
PANAMÁ,2014,Top 10%,1,21.0,1
PANAMÁ,2014,10% - 20%,2,20.0,1
PANAMÁ,2014,20% - 30%,3,4.0,1
PANAMÁ,2014,30% - 40%,4,0.0,0
PANAMÁ,2014,40% - 50%,5,0.0,0
PANAMÁ,2014,50% - 60%,6,0.0,0
PANAMÁ,2014,60% - 70%,7,0.0,0
PANAMÁ,2014,70% - 80%,8,0.0,0
PANAMÁ,2014,80% - 90%,9,0.0,0
PANAMÁ,2014,90% - 100%,10,0.0,0
PANAMÁ,2015,Top 10%,1,2.0,1
PANAMÁ,2015,10% - 20%,2,1.0,1
PANAMÁ,2015,20% - 30%,3,0.0,0
PANAMÁ,2015,30% - 40%,4,0.0,0
PANAMÁ,2015,40% - 50%,5,0.0,0
PANAMÁ,2015,50% - 60%,6,0.0,0
PANAMÁ,2015,60% - 70%,7,0.0,0
PANAMÁ,2015,70% - 80%,8,0.0,0
PANAMÁ,2015,80% - 90%,9,0.0,0
PANAMÁ,2015,90% - 100%,10,0.0,0
PANAMÁ,2016,Top 10%,1,11.0,1
PANAMÁ,2016,10% - 20%,2,2.0,1
PANAMÁ,2016,20% - 30%,3,1.0,1
PANAMÁ,2016,30% - 40%,4,0.0,0
PANAMÁ,2016,40% - 50%,5,0.0,0
PANAMÁ,2016,50% - 60%,6,0.0,0
PANAMÁ,2016,60% - 70%,7,0.0,0
PANAMÁ,2016,70% - 80%,8,0.0,0
PANAMÁ,2016,80% - 90%,9,0.0,0
PANAMÁ,2016,90% - 100%,10,0.0,0
PANAMÁ,2017,Top 10%,1,4.0,1
PANAMÁ,2017,10% - 20%,2,1.0,1
PANAMÁ,2017,20% - 30%,3,0.0,0
PANAMÁ,2017,30% - 40%,4,0.0,0
PANAMÁ,2017,40% - 50%,5,0.0,0
PANAMÁ,2017,50% - 60%,6,0.0,0
PANAMÁ,2017,60% - 70%,7,0.0,0
PANAMÁ,2017,70% - 80%,8,0.0,0
PANAMÁ,2017,80% - 90%,9,0.0,0
PANAMÁ,2017,90% - 100%,10,0.0,0
PANAMÁ,2018,Top 10%,1,6.0,1
PANAMÁ,2018,10% - 20%,2,1.0,1
PANAMÁ,2018,20% - 30%,3,1.0,1
PANAMÁ,2018,30% - 40%,4,0.0,0
PANAMÁ,2018,40% - 50%,5,0.0,0
PANAMÁ,2018,50% - 60%,6,0.0,0
PANAMÁ,2018,60% - 70%,7,0.0,0
PANAMÁ,2018,70% - 80%,8,0.0,0
PANAMÁ,2018,80% - 90%,9,0.0,0
PANAMÁ,2018,90% - 100%,10,0.0,0
PANAMÁ,2019,Top 10%,1,35.0,1
PANAMÁ,2019,10% - 20%,2,2.0,1
PANAMÁ,2019,20% - 30%,3,0.0,0
PANAMÁ,2019,30% - 40%,4,0.0,0
PANAMÁ,2019,40% - 50%,5,0.0,0
PANAMÁ,2019,50% - 60%,6,0.0,0
PANAMÁ,2019,60% - 70%,7,0.0,0
PANAMÁ,2019,70% - 80%,8,0.0,0
PANAMÁ,2019,80% - 90%,9,0.0,0
PANAMÁ,2019,90% - 100%,10,0.0,0
PANAMÁ,2020,Top 10%,1,2.0,1
PANAMÁ,2020,10% - 20%,2,0.0,0
PANAMÁ,2020,20% - 30%,3,0.0,0
PANAMÁ,2020,30% - 40%,4,0.0,0
PANAMÁ,2020,40% - 50%,5,0.0,0
PANAMÁ,2020,50% - 60%,6,0.0,0
PANAMÁ,2020,60% - 70%,7,0.0,0
PANAMÁ,2020,70% - 80%,8,0.0,0
PANAMÁ,2020,80% - 90%,9,0.0,0
PANAMÁ,2020,90% - 100%,10,0.0,0
PANAMÁ,2021,Top 10%,1,6.0,1
PANAMÁ,2021,10% - 20%,2,5.0,1
PANAMÁ,2021,20% - 30%,3,1.0,1
PANAMÁ,2021,30% - 40%,4,1.0,1
PANAMÁ,2021,40% - 50%,5,0.0,0
PANAMÁ,2021,50% - 60%,6,0.0,0
PANAMÁ,2021,60% - 70%,7,0.0,0
PANAMÁ,2021,70% - 80%,8,0.0,0
PANAMÁ,2021,80% - 90%,9,0.0,0
PANAMÁ,2021,90% - 100%,10,0.0,0
PANAMÁ,2023,Top 10%,1,6.0,1
PANAMÁ,2023,10% - 20%,2,2.0,1
PANAMÁ,2023,20% - 30%,3,1.0,1
PANAMÁ,2023,30% - 40%,4,1.0,1
PANAMÁ,2023,40% - 50%,5,0.0,0
PANAMÁ,2023,50% - 60%,6,0.0,0
PANAMÁ,2023,60% - 70%,7,0.0,0
PANAMÁ,2023,70% - 80%,8,0.0,0
PANAMÁ,2023,80% - 90%,9,0.0,0
PANAMÁ,2023,90% - 100%,10,0.0,0
PANAMÁ,2024,Top 10%,1,6.0,1
PANAMÁ,2024,10% - 20%,2,2.0,1
PANAMÁ,2024,20% - 30%,3,1.0,1
PANAMÁ,2024,30% - 40%,4,1.0,1
PANAMÁ,2024,40% - 50%,5,0.0,0
PANAMÁ,2024,50% - 60%,6,0.0,0
PANAMÁ,2024,60% - 70%,7,0.0,0
PANAMÁ,2024,70% - 80%,8,0.0,0
PANAMÁ,2024,80% - 90%,9,0.0,0
PANAMÁ,2024,90% - 100%,10,0.0,0
PANAMÁ,TODOS,Top 10%,1,81.0,2
PANAMÁ,TODOS,10% - 20%,2,21.0,2
PANAMÁ,TODOS,20% - 30%,3,2.0,2
PANAMÁ,TODOS,30% - 40%,4,1.5,2
PANAMÁ,TODOS,40% - 50%,5,1.0,2
PANAMÁ,TODOS,50% - 60%,6,1.0,1
PANAMÁ,TODOS,60% - 70%,7,1.0,1
PANAMÁ,TODOS,70% - 80%,8,1.0,1
PANAMÁ,TODOS,80% - 90%,9,1.0,1
PANAMÁ,TODOS,90% - 100%,10,1.0,1
PARAGUAY,2010,Top 10%,1,2.0,1
PARAGUAY,2010,10% - 20%,2,1.0,1
PARAGUAY,2010,20% - 30%,3,1.0,1
PARAGUAY,2010,30% - 40%,4,0.0,0
PARAGUAY,2010,40% - 50%,5,0.0,0
PARAGUAY,2010,50% - 60%,6,0.0,0
PARAGUAY,2010,60% - 70%,7,0.0,0
PARAGUAY,2010,70% - 80%,8,0.0,0
PARAGUAY,2010,80% - 90%,9,0.0,0
PARAGUAY,2010,90% - 100%,10,0.0,0
PARAGUAY,2011,Top 10%,1,1.0,1
PARAGUAY,2011,10% - 20%,2,0.0,0
PARAGUAY,2011,20% - 30%,3,0.0,0
PARAGUAY,2011,30% - 40%,4,0.0,0
PARAGUAY,2011,40% - 50%,5,0.0,0
PARAGUAY,2011,50% - 60%,6,0.0,0
PARAGUAY,2011,60% - 70%,7,0.0,0
PARAGUAY,2011,70% - 80%,8,0.0,0
PARAGUAY,2011,80% - 90%,9,0.0,0
PARAGUAY,2011,90% - 100%,10,0.0,0
PARAGUAY,2012,Top 10%,1,2.0,1
PARAGUAY,2012,10% - 20%,2,1.0,1
PARAGUAY,2012,20% - 30%,3,0.0,0
PARAGUAY,2012,30% - 40%,4,0.0,0
PARAGUAY,2012,40% - 50%,5,0.0,0
PARAGUAY,2012,50% - 60%,6,0.0,0
PARAGUAY,2012,60% - 70%,7,0.0,0
PARAGUAY,2012,70% - 80%,8,0.0,0
PARAGUAY,2012,80% - 90%,9,0.0,0
PARAGUAY,2012,90% - 100%,10,0.0,0
PARAGUAY,2013,Top 10%,1,1.0,1
PARAGUAY,2013,10% - 20%,2,0.0,0
PARAGUAY,2013,20% - 30%,3,0.0,0
PARAGUAY,2013,30% - 40%,4,0.0,0
PARAGUAY,2013,40% - 50%,5,0.0,0
PARAGUAY,2013,50% - 60%,6,0.0,0
PARAGUAY,2013,60% - 70%,7,0.0,0
PARAGUAY,2013,70% - 80%,8,0.0,0
PARAGUAY,2013,80% - 90%,9,0.0,0
PARAGUAY,2013,90% - 100%,10,0.0,0
PARAGUAY,2014,Top 10%,1,1.0,1
PARAGUAY,2014,10% - 20%,2,1.0,1
PARAGUAY,2014,20% - 30%,3,1.0,1
PARAGUAY,2014,30% - 40%,4,0.0,0
PARAGUAY,2014,40% - 50%,5,0.0,0
PARAGUAY,2014,50% - 60%,6,0.0,0
PARAGUAY,2014,60% - 70%,7,0.0,0
PARAGUAY,2014,70% - 80%,8,0.0,0
PARAGUAY,2014,80% - 90%,9,0.0,0
PARAGUAY,2014,90% - 100%,10,0.0,0
PARAGUAY,2016,Top 10%,1,1.0,1
PARAGUAY,2016,10% - 20%,2,0.0,0
PARAGUAY,2016,20% - 30%,3,0.0,0
PARAGUAY,2016,30% - 40%,4,0.0,0
PARAGUAY,2016,40% - 50%,5,0.0,0
PARAGUAY,2016,50% - 60%,6,0.0,0
PARAGUAY,2016,60% - 70%,7,0.0,0
PARAGUAY,2016,70% - 80%,8,0.0,0
PARAGUAY,2016,80% - 90%,9,0.0,0
PARAGUAY,2016,90% - 100%,10,0.0,0
PARAGUAY,2018,Top 10%,1,1.0,1
PARAGUAY,2018,10% - 20%,2,1.0,1
PARAGUAY,2018,20% - 30%,3,1.0,1
PARAGUAY,2018,30% - 40%,4,0.0,0
PARAGUAY,2018,40% - 50%,5,0.0,0
PARAGUAY,2018,50% - 60%,6,0.0,0
PARAGUAY,2018,60% - 70%,7,0.0,0
PARAGUAY,2018,70% - 80%,8,0.0,0
PARAGUAY,2018,80% - 90%,9,0.0,0
PARAGUAY,2018,90% - 100%,10,0.0,0
PARAGUAY,2019,Top 10%,1,4.0,1
PARAGUAY,2019,10% - 20%,2,3.0,1
PARAGUAY,2019,20% - 30%,3,2.0,1
PARAGUAY,2019,30% - 40%,4,1.0,1
PARAGUAY,2019,40% - 50%,5,1.0,1
PARAGUAY,2019,50% - 60%,6,0.0,0
PARAGUAY,2019,60% - 70%,7,0.0,0
PARAGUAY,2019,70% - 80%,8,0.0,0
PARAGUAY,2019,80% - 90%,9,0.0,0
PARAGUAY,2019,90% - 100%,10,0.0,0
PARAGUAY,2020,Top 10%,1,6.0,1
PARAGUAY,2020,10% - 20%,2,2.0,1
PARAGUAY,2020,20% - 30%,3,1.0,1
PARAGUAY,2020,30% - 40%,4,1.0,1
PARAGUAY,2020,40% - 50%,5,0.0,0
PARAGUAY,2020,50% - 60%,6,0.0,0
PARAGUAY,2020,60% - 70%,7,0.0,0
PARAGUAY,2020,70% - 80%,8,0.0,0
PARAGUAY,2020,80% - 90%,9,0.0,0
PARAGUAY,2020,90% - 100%,10,0.0,0
PARAGUAY,2021,Top 10%,1,5.0,1
PARAGUAY,2021,10% - 20%,2,2.0,1
PARAGUAY,2021,20% - 30%,3,2.0,1
PARAGUAY,2021,30% - 40%,4,1.0,1
PARAGUAY,2021,40% - 50%,5,1.0,1
PARAGUAY,2021,50% - 60%,6,1.0,1
PARAGUAY,2021,60% - 70%,7,0.0,0
PARAGUAY,2021,70% - 80%,8,0.0,0
PARAGUAY,2021,80% - 90%,9,0.0,0
PARAGUAY,2021,90% - 100%,10,0.0,0
PARAGUAY,2022,Top 10%,1,2.0,1
PARAGUAY,2022,10% - 20%,2,2.0,1
PARAGUAY,2022,20% - 30%,3,2.0,1
PARAGUAY,2022,30% - 40%,4,1.0,1
PARAGUAY,2022,40% - 50%,5,1.0,1
PARAGUAY,2022,50% - 60%,6,0.0,0
PARAGUAY,2022,60% - 70%,7,0.0,0
PARAGUAY,2022,70% - 80%,8,0.0,0
PARAGUAY,2022,80% - 90%,9,0.0,0
PARAGUAY,2022,90% - 100%,10,0.0,0
PARAGUAY,2023,Top 10%,1,2.0,1
PARAGUAY,2023,10% - 20%,2,1.0,1
PARAGUAY,2023,20% - 30%,3,1.0,1
PARAGUAY,2023,30% - 40%,4,0.0,0
PARAGUAY,2023,40% - 50%,5,0.0,0
PARAGUAY,2023,50% - 60%,6,0.0,0
PARAGUAY,2023,60% - 70%,7,0.0,0
PARAGUAY,2023,70% - 80%,8,0.0,0
PARAGUAY,2023,80% - 90%,9,0.0,0
PARAGUAY,2023,90% - 100%,10,0.0,0
PARAGUAY,2024,Top 10%,1,25.0,1
PARAGUAY,2024,10% - 20%,2,6.0,1
PARAGUAY,2024,20% - 30%,3,4.0,1
PARAGUAY,2024,30% - 40%,4,2.0,1
PARAGUAY,2024,40% - 50%,5,2.0,1
PARAGUAY,2024,50% - 60%,6,1.0,1
PARAGUAY,2024,60% - 70%,7,1.0,1
PARAGUAY,2024,70% - 80%,8,1.0,1
PARAGUAY,2024,80% - 90%,9,0.0,0
PARAGUAY,2024,90% - 100%,10,0.0,0
PARAGUAY,TODOS,Top 10%,1,28.5,2
PARAGUAY,TODOS,10% - 20%,2,8.0,2
PARAGUAY,TODOS,20% - 30%,3,4.0,2
PARAGUAY,TODOS,30% - 40%,4,3.5,2
PARAGUAY,TODOS,40% - 50%,5,2.0,2
PARAGUAY,TODOS,50% - 60%,6,1.5,2
PARAGUAY,TODOS,60% - 70%,7,1.0,2
PARAGUAY,TODOS,70% - 80%,8,1.0,2
PARAGUAY,TODOS,80% - 90%,9,1.0,2
PARAGUAY,TODOS,90% - 100%,10,1.0,2
PERÚ,2010,Top 10%,1,14.5,2
PERÚ,2010,10% - 20%,2,10.5,2
PERÚ,2010,20% - 30%,3,7.0,2
PERÚ,2010,30% - 40%,4,5.0,2
PERÚ,2010,40% - 50%,5,2.5,2
PERÚ,2010,50% - 60%,6,1.5,2
PERÚ,2010,60% - 70%,7,1.0,2
PERÚ,2010,70% - 80%,8,1.0,1
PERÚ,2010,80% - 90%,9,1.0,1
PERÚ,2010,90% - 100%,10,1.0,1
PERÚ,2011,Top 10%,1,19.0,2
PERÚ,2011,10% - 20%,2,11.5,2
PERÚ,2011,20% - 30%,3,9.5,2
PERÚ,2011,30% - 40%,4,4.5,2
PERÚ,2011,40% - 50%,5,2.5,2
PERÚ,2011,50% - 60%,6,1.0,2
PERÚ,2011,60% - 70%,7,1.0,2
PERÚ,2011,70% - 80%,8,1.0,2
PERÚ,2011,80% - 90%,9,1.0,2
PERÚ,2011,90% - 100%,10,1.0,1
PERÚ,2012,Top 10%,1,9.0,2
PERÚ,2012,10% - 20%,2,2.5,2
PERÚ,2012,20% - 30%,3,2.0,2
PERÚ,2012,30% - 40%,4,1.0,2
PERÚ,2012,40% - 50%,5,1.0,1
PERÚ,2012,50% - 60%,6,1.0,1
PERÚ,2012,60% - 70%,7,1.0,1
PERÚ,2012,70% - 80%,8,1.0,1
PERÚ,2012,80% - 90%,9,1.0,1
PERÚ,2012,90% - 100%,10,1.0,1
PERÚ,2013,Top 10%,1,21.0,2
PERÚ,2013,10% - 20%,2,5.5,2
PERÚ,2013,20% - 30%,3,2.5,2
PERÚ,2013,30% - 40%,4,1.0,2
PERÚ,2013,40% - 50%,5,1.0,2
PERÚ,2013,50% - 60%,6,1.0,1
PERÚ,2013,60% - 70%,7,1.0,1
PERÚ,2013,70% - 80%,8,1.0,1
PERÚ,2013,80% - 90%,9,1.0,1
PERÚ,2013,90% - 100%,10,1.0,1
PERÚ,2014,Top 10%,1,45.0,2
PERÚ,2014,10% - 20%,2,13.5,2
PERÚ,2014,20% - 30%,3,5.5,2
PERÚ,2014,30% - 40%,4,4.0,2
PERÚ,2014,40% - 50%,5,1.0,2
PERÚ,2014,50% - 60%,6,1.0,2
PERÚ,2014,60% - 70%,7,1.0,2
PERÚ,2014,70% - 80%,8,1.0,2
PERÚ,2014,80% - 90%,9,1.0,2
PERÚ,2014,90% - 100%,10,1.0,2
PERÚ,2015,Top 10%,1,54.5,2
PERÚ,2015,10% - 20%,2,18.5,2
PERÚ,2015,20% - 30%,3,7.0,2
PERÚ,2015,30% - 40%,4,4.0,2
PERÚ,2015,40% - 50%,5,2.5,2
PERÚ,2015,50% - 60%,6,1.5,2
PERÚ,2015,60% - 70%,7,1.0,2
PERÚ,2015,70% - 80%,8,1.0,2
PERÚ,2015,80% - 90%,9,1.0,2
PERÚ,2015,90% - 100%,10,1.0,1
PERÚ,2016,Top 10%,1,27.0,2
PERÚ,2016,10% - 20%,2,6.0,2
PERÚ,2016,20% - 30%,3,4.5,2
PERÚ,2016,30% - 40%,4,2.0,2
PERÚ,2016,40% - 50%,5,1.5,2
PERÚ,2016,50% - 60%,6,1.0,2
PERÚ,2016,60% - 70%,7,1.0,2
PERÚ,2016,70% - 80%,8,1.0,1
PERÚ,2016,80% - 90%,9,1.0,1
PERÚ,2016,90% - 100%,10,1.0,1
PERÚ,2017,Top 10%,1,31.5,2
PERÚ,2017,10% - 20%,2,10.0,2
PERÚ,2017,20% - 30%,3,6.0,2
PERÚ,2017,30% - 40%,4,4.5,2
PERÚ,2017,40% - 50%,5,3.0,2
PERÚ,2017,50% - 60%,6,1.5,2
PERÚ,2017,60% - 70%,7,1.0,2
PERÚ,2017,70% - 80%,8,1.0,2
PERÚ,2017,80% - 90%,9,1.0,2
PERÚ,2017,90% - 100%,10,1.0,1
PERÚ,2018,Top 10%,1,15.5,2
PERÚ,2018,10% - 20%,2,5.5,2
PERÚ,2018,20% - 30%,3,2.0,2
PERÚ,2018,30% - 40%,4,1.0,2
PERÚ,2018,40% - 50%,5,1.0,2
PERÚ,2018,50% - 60%,6,1.0,2
PERÚ,2018,60% - 70%,7,1.0,2
PERÚ,2018,70% - 80%,8,1.0,1
PERÚ,2018,80% - 90%,9,1.0,1
PERÚ,2018,90% - 100%,10,1.0,1
PERÚ,2019,Top 10%,1,6.5,2
PERÚ,2019,10% - 20%,2,4.5,2
PERÚ,2019,20% - 30%,3,3.0,2
PERÚ,2019,30% - 40%,4,2.0,2
PERÚ,2019,40% - 50%,5,1.5,2
PERÚ,2019,50% - 60%,6,1.0,2
PERÚ,2019,60% - 70%,7,1.0,2
PERÚ,2019,70% - 80%,8,1.0,2
PERÚ,2019,80% - 90%,9,1.0,2
PERÚ,2019,90% - 100%,10,1.0,1
PERÚ,2020,Top 10%,1,12.5,2
PERÚ,2020,10% - 20%,2,3.0,2
PERÚ,2020,20% - 30%,3,2.5,2
PERÚ,2020,30% - 40%,4,2.0,2
PERÚ,2020,40% - 50%,5,2.0,1
PERÚ,2020,50% - 60%,6,2.0,1
PERÚ,2020,60% - 70%,7,1.0,1
PERÚ,2020,70% - 80%,8,1.0,1
PERÚ,2020,80% - 90%,9,1.0,1
PERÚ,2020,90% - 100%,10,1.0,1
PERÚ,2021,Top 10%,1,9.33,3
PERÚ,2021,10% - 20%,2,2.67,3
PERÚ,2021,20% - 30%,3,2.0,2
PERÚ,2021,30% - 40%,4,1.0,2
PERÚ,2021,40% - 50%,5,1.0,2
PERÚ,2021,50% - 60%,6,1.0,2
PERÚ,2021,60% - 70%,7,1.0,2
PERÚ,2021,70% - 80%,8,1.0,2
PERÚ,2021,80% - 90%,9,1.0,2
PERÚ,2021,90% - 100%,10,1.0,2
PERÚ,2022,Top 10%,1,15.0,3
PERÚ,2022,10% - 20%,2,3.67,3
PERÚ,2022,20% - 30%,3,2.0,3
PERÚ,2022,30% - 40%,4,1.67,3
PERÚ,2022,40% - 50%,5,1.0,3
PERÚ,2022,50% - 60%,6,1.0,3
PERÚ,2022,60% - 70%,7,1.0,3
PERÚ,2022,70% - 80%,8,1.0,2
PERÚ,2022,80% - 90%,9,1.0,2
PERÚ,2022,90% - 100%,10,1.0,2
PERÚ,2023,Top 10%,1,13.0,3
PERÚ,2023,10% - 20%,2,4.0,3
PERÚ,2023,20% - 30%,3,2.67,3
PERÚ,2023,30% - 40%,4,2.0,3
PERÚ,2023,40% - 50%,5,1.67,3
PERÚ,2023,50% - 60%,6,1.0,3
PERÚ,2023,60% - 70%,7,1.0,2
PERÚ,2023,70% - 80%,8,1.0,2
PERÚ,2023,80% - 90%,9,1.0,2
PERÚ,2023,90% - 100%,10,1.0,2
PERÚ,2024,Top 10%,1,20.67,3
PERÚ,2024,10% - 20%,2,6.33,3
PERÚ,2024,20% - 30%,3,4.0,3
PERÚ,2024,30% - 40%,4,2.33,3
PERÚ,2024,40% - 50%,5,1.5,2
PERÚ,2024,50% - 60%,6,1.0,2
PERÚ,2024,60% - 70%,7,1.0,2
PERÚ,2024,70% - 80%,8,1.0,2
PERÚ,2024,80% - 90%,9,1.0,2
PERÚ,2024,90% - 100%,10,1.0,2
PERÚ,TODOS,Top 10%,1,77.67,12
PERÚ,TODOS,10% - 20%,2,11.67,12
PERÚ,TODOS,20% - 30%,3,7.0,12
PERÚ,TODOS,30% - 40%,4,4.33,12
PERÚ,TODOS,40% - 50%,5,2.83,12
PERÚ,TODOS,50% - 60%,6,2.0,12
PERÚ,TODOS,60% - 70%,7,1.09,11
PERÚ,TODOS,70% - 80%,8,1.0,11
PERÚ,TODOS,80% - 90%,9,1.0,11
PERÚ,TODOS,90% - 100%,10,1.0,11
REPÚBLICA DOMINICANA,2010,Top 10%,1,3.0,1
REPÚBLICA DOMINICANA,2010,10% - 20%,2,3.0,1
REPÚBLICA DOMINICANA,2010,20% - 30%,3,1.0,1
REPÚBLICA DOMINICANA,2010,30% - 40%,4,1.0,1
REPÚBLICA DOMINICANA,2010,40% - 50%,5,0.0,0
REPÚBLICA DOMINICANA,2010,50% - 60%,6,0.0,0
REPÚBLICA DOMINICANA,2010,60% - 70%,7,0.0,0
REPÚBLICA DOMINICANA,2010,70% - 80%,8,0.0,0
REPÚBLICA DOMINICANA,2010,80% - 90%,9,0.0,0
REPÚBLICA DOMINICANA,2010,90% - 100%,10,0.0,0
REPÚBLICA DOMINICANA,2011,Top 10%,1,2.0,1
REPÚBLICA DOMINICANA,2011,10% - 20%,2,2.0,1
REPÚBLICA DOMINICANA,2011,20% - 30%,3,1.0,1
REPÚBLICA DOMINICANA,2011,30% - 40%,4,1.0,1
REPÚBLICA DOMINICANA,2011,40% - 50%,5,1.0,1
REPÚBLICA DOMINICANA,2011,50% - 60%,6,0.0,0
REPÚBLICA DOMINICANA,2011,60% - 70%,7,0.0,0
REPÚBLICA DOMINICANA,2011,70% - 80%,8,0.0,0
REPÚBLICA DOMINICANA,2011,80% - 90%,9,0.0,0
REPÚBLICA DOMINICANA,2011,90% - 100%,10,0.0,0
REPÚBLICA DOMINICANA,2012,Top 10%,1,2.0,1
REPÚBLICA DOMINICANA,2012,10% - 20%,2,1.0,1
REPÚBLICA DOMINICANA,2012,20% - 30%,3,1.0,1
REPÚBLICA DOMINICANA,2012,30% - 40%,4,1.0,1
REPÚBLICA DOMINICANA,2012,40% - 50%,5,0.0,0
REPÚBLICA DOMINICANA,2012,50% - 60%,6,0.0,0
REPÚBLICA DOMINICANA,2012,60% - 70%,7,0.0,0
REPÚBLICA DOMINICANA,2012,70% - 80%,8,0.0,0
REPÚBLICA DOMINICANA,2012,80% - 90%,9,0.0,0
REPÚBLICA DOMINICANA,2012,90% - 100%,10,0.0,0
REPÚBLICA DOMINICANA,2013,Top 10%,1,1.0,1
REPÚBLICA DOMINICANA,2013,10% - 20%,2,1.0,1
REPÚBLICA DOMINICANA,2013,20% - 30%,3,1.0,1
REPÚBLICA DOMINICANA,2013,30% - 40%,4,1.0,1
REPÚBLICA DOMINICANA,2013,40% - 50%,5,0.0,0
REPÚBLICA DOMINICANA,2013,50% - 60%,6,0.0,0
REPÚBLICA DOMINICANA,2013,60% - 70%,7,0.0,0
REPÚBLICA DOMINICANA,2013,70% - 80%,8,0.0,0
REPÚBLICA DOMINICANA,2013,80% - 90%,9,0.0,0
REPÚBLICA DOMINICANA,2013,90% - 100%,10,0.0,0
REPÚBLICA DOMINICANA,2014,Top 10%,1,1.0,1
REPÚBLICA DOMINICANA,2014,10% - 20%,2,1.0,1
REPÚBLICA DOMINICANA,2014,20% - 30%,3,1.0,1
REPÚBLICA DOMINICANA,2014,30% - 40%,4,0.0,0
REPÚBLICA DOMINICANA,2014,40% - 50%,5,0.0,0
REPÚBLICA DOMINICANA,2014,50% - 60%,6,0.0,0
REPÚBLICA DOMINICANA,2014,60% - 70%,7,0.0,0
REPÚBLICA DOMINICANA,2014,70% - 80%,8,0.0,0
REPÚBLICA DOMINICANA,2014,80% - 90%,9,0.0,0
REPÚBLICA DOMINICANA,2014,90% - 100%,10,0.0,0
REPÚBLICA DOMINICANA,2015,Top 10%,1,2.0,1
REPÚBLICA DOMINICANA,2015,10% - 20%,2,0.0,0
REPÚBLICA DOMINICANA,2015,20% - 30%,3,0.0,0
REPÚBLICA DOMINICANA,2015,30% - 40%,4,0.0,0
REPÚBLICA DOMINICANA,2015,40% - 50%,5,0.0,0
REPÚBLICA DOMINICANA,2015,50% - 60%,6,0.0,0
REPÚBLICA DOMINICANA,2015,60% - 70%,7,0.0,0
REPÚBLICA DOMINICANA,2015,70% - 80%,8,0.0,0
REPÚBLICA DOMINICANA,2015,80% - 90%,9,0.0,0
REPÚBLICA DOMINICANA,2015,90% - 100%,10,0.0,0
REPÚBLICA DOMINICANA,2016,Top 10%,1,1.0,1
REPÚBLICA DOMINICANA,2016,10% - 20%,2,1.0,1
REPÚBLICA DOMINICANA,2016,20% - 30%,3,0.0,0
REPÚBLICA DOMINICANA,2016,30% - 40%,4,0.0,0
REPÚBLICA DOMINICANA,2016,40% - 50%,5,0.0,0
REPÚBLICA DOMINICANA,2016,50% - 60%,6,0.0,0
REPÚBLICA DOMINICANA,2016,60% - 70%,7,0.0,0
REPÚBLICA DOMINICANA,2016,70% - 80%,8,0.0,0
REPÚBLICA DOMINICANA,2016,80% - 90%,9,0.0,0
REPÚBLICA DOMINICANA,2016,90% - 100%,10,0.0,0
REPÚBLICA DOMINICANA,2017,Top 10%,1,12.0,1
REPÚBLICA DOMINICANA,2017,10% - 20%,2,4.0,1
REPÚBLICA DOMINICANA,2017,20% - 30%,3,4.0,1
REPÚBLICA DOMINICANA,2017,30% - 40%,4,1.0,1
REPÚBLICA DOMINICANA,2017,40% - 50%,5,0.0,0
REPÚBLICA DOMINICANA,2017,50% - 60%,6,0.0,0
REPÚBLICA DOMINICANA,2017,60% - 70%,7,0.0,0
REPÚBLICA DOMINICANA,2017,70% - 80%,8,0.0,0
REPÚBLICA DOMINICANA,2017,80% - 90%,9,0.0,0
REPÚBLICA DOMINICANA,2017,90% - 100%,10,0.0,0
REPÚBLICA DOMINICANA,2018,Top 10%,1,1.0,1
REPÚBLICA DOMINICANA,2018,10% - 20%,2,1.0,1
REPÚBLICA DOMINICANA,2018,20% - 30%,3,1.0,1
REPÚBLICA DOMINICANA,2018,30% - 40%,4,0.0,0
REPÚBLICA DOMINICANA,2018,40% - 50%,5,0.0,0
REPÚBLICA DOMINICANA,2018,50% - 60%,6,0.0,0
REPÚBLICA DOMINICANA,2018,60% - 70%,7,0.0,0
REPÚBLICA DOMINICANA,2018,70% - 80%,8,0.0,0
REPÚBLICA DOMINICANA,2018,80% - 90%,9,0.0,0
REPÚBLICA DOMINICANA,2018,90% - 100%,10,0.0,0
REPÚBLICA DOMINICANA,2019,Top 10%,1,2.0,1
REPÚBLICA DOMINICANA,2019,10% - 20%,2,1.0,1
REPÚBLICA DOMINICANA,2019,20% - 30%,3,1.0,1
REPÚBLICA DOMINICANA,2019,30% - 40%,4,0.0,0
REPÚBLICA DOMINICANA,2019,40% - 50%,5,0.0,0
REPÚBLICA DOMINICANA,2019,50% - 60%,6,0.0,0
REPÚBLICA DOMINICANA,2019,60% - 70%,7,0.0,0
REPÚBLICA DOMINICANA,2019,70% - 80%,8,0.0,0
REPÚBLICA DOMINICANA,2019,80% - 90%,9,0.0,0
REPÚBLICA DOMINICANA,2019,90% - 100%,10,0.0,0
REPÚBLICA DOMINICANA,2020,Top 10%,1,4.0,1
REPÚBLICA DOMINICANA,2020,10% - 20%,2,1.0,1
REPÚBLICA DOMINICANA,2020,20% - 30%,3,0.0,0
REPÚBLICA DOMINICANA,2020,30% - 40%,4,0.0,0
REPÚBLICA DOMINICANA,2020,40% - 50%,5,0.0,0
REPÚBLICA DOMINICANA,2020,50% - 60%,6,0.0,0
REPÚBLICA DOMINICANA,2020,60% - 70%,7,0.0,0
REPÚBLICA DOMINICANA,2020,70% - 80%,8,0.0,0
REPÚBLICA DOMINICANA,2020,80% - 90%,9,0.0,0
REPÚBLICA DOMINICANA,2020,90% - 100%,10,0.0,0
REPÚBLICA DOMINICANA,2021,Top 10%,1,2.0,1
REPÚBLICA DOMINICANA,2021,10% - 20%,2,1.0,1
REPÚBLICA DOMINICANA,2021,20% - 30%,3,1.0,1
REPÚBLICA DOMINICANA,2021,30% - 40%,4,1.0,1
REPÚBLICA DOMINICANA,2021,40% - 50%,5,0.0,0
REPÚBLICA DOMINICANA,2021,50% - 60%,6,0.0,0
REPÚBLICA DOMINICANA,2021,60% - 70%,7,0.0,0
REPÚBLICA DOMINICANA,2021,70% - 80%,8,0.0,0
REPÚBLICA DOMINICANA,2021,80% - 90%,9,0.0,0
REPÚBLICA DOMINICANA,2021,90% - 100%,10,0.0,0
REPÚBLICA DOMINICANA,2022,Top 10%,1,4.0,1
REPÚBLICA DOMINICANA,2022,10% - 20%,2,2.0,1
REPÚBLICA DOMINICANA,2022,20% - 30%,3,2.0,1
REPÚBLICA DOMINICANA,2022,30% - 40%,4,2.0,1
REPÚBLICA DOMINICANA,2022,40% - 50%,5,1.0,1
REPÚBLICA DOMINICANA,2022,50% - 60%,6,0.0,0
REPÚBLICA DOMINICANA,2022,60% - 70%,7,0.0,0
REPÚBLICA DOMINICANA,2022,70% - 80%,8,0.0,0
REPÚBLICA DOMINICANA,2022,80% - 90%,9,0.0,0
REPÚBLICA DOMINICANA,2022,90% - 100%,10,0.0,0
REPÚBLICA DOMINICANA,2023,Top 10%,1,9.0,1
REPÚBLICA DOMINICANA,2023,10% - 20%,2,2.0,1
REPÚBLICA DOMINICANA,2023,20% - 30%,3,1.0,1
REPÚBLICA DOMINICANA,2023,30% - 40%,4,1.0,1
REPÚBLICA DOMINICANA,2023,40% - 50%,5,0.0,0
REPÚBLICA DOMINICANA,2023,50% - 60%,6,0.0,0
REPÚBLICA DOMINICANA,2023,60% - 70%,7,0.0,0
REPÚBLICA DOMINICANA,2023,70% - 80%,8,0.0,0
REPÚBLICA DOMINICANA,2023,80% - 90%,9,0.0,0
REPÚBLICA DOMINICANA,2023,90% - 100%,10,0.0,0
REPÚBLICA DOMINICANA,2024,Top 10%,1,5.0,1
REPÚBLICA DOMINICANA,2024,10% - 20%,2,2.0,1
REPÚBLICA DOMINICANA,2024,20% - 30%,3,1.0,1
REPÚBLICA DOMINICANA,2024,30% - 40%,4,1.0,1
REPÚBLICA DOMINICANA,2024,40% - 50%,5,1.0,1
REPÚBLICA DOMINICANA,2024,50% - 60%,6,1.0,1
REPÚBLICA DOMINICANA,2024,60% - 70%,7,0.0,0
REPÚBLICA DOMINICANA,2024,70% - 80%,8,0.0,0
REPÚBLICA DOMINICANA,2024,80% - 90%,9,0.0,0
REPÚBLICA DOMINICANA,2024,90% - 100%,10,0.0,0
REPÚBLICA DOMINICANA,TODOS,Top 10%,1,12.0,3
REPÚBLICA DOMINICANA,TODOS,10% - 20%,2,6.67,3
REPÚBLICA DOMINICANA,TODOS,20% - 30%,3,5.0,3
REPÚBLICA DOMINICANA,TODOS,30% - 40%,4,4.33,3
REPÚBLICA DOMINICANA,TODOS,40% - 50%,5,2.67,3
REPÚBLICA DOMINICANA,TODOS,50% - 60%,6,2.0,2
REPÚBLICA DOMINICANA,TODOS,60% - 70%,7,1.0,2
REPÚBLICA DOMINICANA,TODOS,70% - 80%,8,1.0,2
REPÚBLICA DOMINICANA,TODOS,80% - 90%,9,1.0,2
REPÚBLICA DOMINICANA,TODOS,90% - 100%,10,1.0,2
TODOS,2010,Top 10%,1,67.08,26
TODOS,2010,10% - 20%,2,12.96,26
TODOS,2010,20% - 30%,3,6.27,26
TODOS,2010,30% - 40%,4,4.08,26
TODOS,2010,40% - 50%,5,2.5,26
TODOS,2010,50% - 60%,6,1.92,26
TODOS,2010,60% - 70%,7,1.0,26
TODOS,2010,70% - 80%,8,1.0,25
TODOS,2010,80% - 90%,9,1.0,25
TODOS,2010,90% - 100%,10,1.0,25
TODOS,2011,Top 10%,1,60.12,50
TODOS,2011,10% - 20%,2,10.5,50
TODOS,2011,20% - 30%,3,4.88,50
TODOS,2011,30% - 40%,4,3.02,50
TODOS,2011,40% - 50%,5,2.0,50
TODOS,2011,50% - 60%,6,1.66,50
TODOS,2011,60% - 70%,7,1.0,50
TODOS,2011,70% - 80%,8,1.0,50
TODOS,2011,80% - 90%,9,1.0,50
TODOS,2011,90% - 100%,10,1.0,49
TODOS,2012,Top 10%,1,93.66,32
TODOS,2012,10% - 20%,2,16.22,32
TODOS,2012,20% - 30%,3,7.78,32
TODOS,2012,30% - 40%,4,4.81,32
TODOS,2012,40% - 50%,5,2.88,32
TODOS,2012,50% - 60%,6,2.0,32
TODOS,2012,60% - 70%,7,1.06,32
TODOS,2012,70% - 80%,8,1.0,32
TODOS,2012,80% - 90%,9,1.0,31
TODOS,2012,90% - 100%,10,1.0,31
TODOS,2013,Top 10%,1,105.42,45
TODOS,2013,10% - 20%,2,19.47,45
TODOS,2013,20% - 30%,3,9.51,45
TODOS,2013,30% - 40%,4,5.04,45
TODOS,2013,40% - 50%,5,3.24,45
TODOS,2013,50% - 60%,6,2.11,45
TODOS,2013,60% - 70%,7,1.25,44
TODOS,2013,70% - 80%,8,1.0,44
TODOS,2013,80% - 90%,9,1.0,44
TODOS,2013,90% - 100%,10,1.0,44
TODOS,2014,Top 10%,1,68.49,105
TODOS,2014,10% - 20%,2,11.57,105
TODOS,2014,20% - 30%,3,6.31,105
TODOS,2014,30% - 40%,4,4.27,105
TODOS,2014,40% - 50%,5,2.76,105
TODOS,2014,50% - 60%,6,2.0,105
TODOS,2014,60% - 70%,7,1.37,105
TODOS,2014,70% - 80%,8,1.0,105
TODOS,2014,80% - 90%,9,1.0,104
TODOS,2014,90% - 100%,10,1.0,104
TODOS,2015,Top 10%,1,54.21,111
TODOS,2015,10% - 20%,2,10.94,111
TODOS,2015,20% - 30%,3,6.24,110
TODOS,2015,30% - 40%,4,4.29,110
TODOS,2015,40% - 50%,5,3.07,110
TODOS,2015,50% - 60%,6,2.05,110
TODOS,2015,60% - 70%,7,1.62,110
TODOS,2015,70% - 80%,8,1.0,110
TODOS,2015,80% - 90%,9,1.0,110
TODOS,2015,90% - 100%,10,1.0,110
TODOS,2016,Top 10%,1,81.96,53
TODOS,2016,10% - 20%,2,9.55,53
TODOS,2016,20% - 30%,3,5.28,53
TODOS,2016,30% - 40%,4,3.3,53
TODOS,2016,40% - 50%,5,2.23,53
TODOS,2016,50% - 60%,6,1.58,53
TODOS,2016,60% - 70%,7,1.0,53
TODOS,2016,70% - 80%,8,1.0,53
TODOS,2016,80% - 90%,9,1.0,52
TODOS,2016,90% - 100%,10,1.0,52
TODOS,2017,Top 10%,1,98.18,56
TODOS,2017,10% - 20%,2,12.51,55
TODOS,2017,20% - 30%,3,5.75,55
TODOS,2017,30% - 40%,4,3.64,55
TODOS,2017,40% - 50%,5,2.38,55
TODOS,2017,50% - 60%,6,1.98,55
TODOS,2017,60% - 70%,7,1.0,55
TODOS,2017,70% - 80%,8,1.0,55
TODOS,2017,80% - 90%,9,1.0,55
TODOS,2017,90% - 100%,10,1.0,55
TODOS,2018,Top 10%,1,83.71,55
TODOS,2018,10% - 20%,2,10.2,55
TODOS,2018,20% - 30%,3,4.89,54
TODOS,2018,30% - 40%,4,3.31,54
TODOS,2018,40% - 50%,5,2.0,54
TODOS,2018,50% - 60%,6,1.78,54
TODOS,2018,60% - 70%,7,1.0,54
TODOS,2018,70% - 80%,8,1.0,54
TODOS,2018,80% - 90%,9,1.0,54
TODOS,2018,90% - 100%,10,1.0,54
TODOS,2019,Top 10%,1,95.28,58
TODOS,2019,10% - 20%,2,10.95,58
TODOS,2019,20% - 30%,3,5.38,58
TODOS,2019,30% - 40%,4,3.38,58
TODOS,2019,40% - 50%,5,2.33,58
TODOS,2019,50% - 60%,6,1.93,58
TODOS,2019,60% - 70%,7,1.0,58
TODOS,2019,70% - 80%,8,1.0,57
TODOS,2019,80% - 90%,9,1.0,57
TODOS,2019,90% - 100%,10,1.0,57
TODOS,2020,Top 10%,1,69.78,40
TODOS,2020,10% - 20%,2,9.32,40
TODOS,2020,20% - 30%,3,4.42,40
TODOS,2020,30% - 40%,4,2.85,40
TODOS,2020,40% - 50%,5,2.0,39
TODOS,2020,50% - 60%,6,1.74,39
TODOS,2020,60% - 70%,7,1.0,39
TODOS,2020,70% - 80%,8,1.0,39
TODOS,2020,80% - 90%,9,1.0,39
TODOS,2020,90% - 100%,10,1.0,39
TODOS,2021,Top 10%,1,98.2,40
TODOS,2021,10% - 20%,2,12.1,40
TODOS,2021,20% - 30%,3,5.15,40
TODOS,2021,30% - 40%,4,2.82,40
TODOS,2021,40% - 50%,5,2.0,40
TODOS,2021,50% - 60%,6,1.7,40
TODOS,2021,60% - 70%,7,1.0,40
TODOS,2021,70% - 80%,8,1.0,40
TODOS,2021,80% - 90%,9,1.0,40
TODOS,2021,90% - 100%,10,1.0,40
TODOS,2022,Top 10%,1,153.82,38
TODOS,2022,10% - 20%,2,13.24,38
TODOS,2022,20% - 30%,3,5.53,38
TODOS,2022,30% - 40%,4,3.45,38
TODOS,2022,40% - 50%,5,2.21,38
TODOS,2022,50% - 60%,6,2.0,38
TODOS,2022,60% - 70%,7,1.11,38
TODOS,2022,70% - 80%,8,1.0,38
TODOS,2022,80% - 90%,9,1.0,38
TODOS,2022,90% - 100%,10,1.0,38
TODOS,2023,Top 10%,1,117.59,41
TODOS,2023,10% - 20%,2,14.78,41
TODOS,2023,20% - 30%,3,6.8,40
TODOS,2023,30% - 40%,4,3.85,40
TODOS,2023,40% - 50%,5,2.52,40
TODOS,2023,50% - 60%,6,2.0,40
TODOS,2023,60% - 70%,7,1.12,40
TODOS,2023,70% - 80%,8,1.0,40
TODOS,2023,80% - 90%,9,1.0,40
TODOS,2023,90% - 100%,10,1.0,40
TODOS,2024,Top 10%,1,119.76,41
TODOS,2024,10% - 20%,2,14.15,41
TODOS,2024,20% - 30%,3,6.22,41
TODOS,2024,30% - 40%,4,3.51,41
TODOS,2024,40% - 50%,5,2.2,41
TODOS,2024,50% - 60%,6,2.0,41
TODOS,2024,60% - 70%,7,1.02,41
TODOS,2024,70% - 80%,8,1.0,40
TODOS,2024,80% - 90%,9,1.0,40
TODOS,2024,90% - 100%,10,1.0,40
TODOS,TODOS,Top 10%,1,230.57,332
TODOS,TODOS,10% - 20%,2,20.45,332
TODOS,TODOS,20% - 30%,3,9.58,332
TODOS,TODOS,30% - 40%,4,5.68,332
TODOS,TODOS,40% - 50%,5,3.56,332
TODOS,TODOS,50% - 60%,6,2.38,331
TODOS,TODOS,60% - 70%,7,1.88,331
TODOS,TODOS,70% - 80%,8,1.0,331
TODOS,TODOS,80% - 90%,9,1.0,331
TODOS,TODOS,90% - 100%,10,1.0,331
URUGUAY,2010,Top 10%,1,6.0,1
URUGUAY,2010,10% - 20%,2,4.0,1
URUGUAY,2010,20% - 30%,3,3.0,1
URUGUAY,2010,30% - 40%,4,3.0,1
URUGUAY,2010,40% - 50%,5,1.0,1
URUGUAY,2010,50% - 60%,6,1.0,1
URUGUAY,2010,60% - 70%,7,1.0,1
URUGUAY,2010,70% - 80%,8,1.0,1
URUGUAY,2010,80% - 90%,9,1.0,1
URUGUAY,2010,90% - 100%,10,1.0,1
URUGUAY,2011,Top 10%,1,23.0,1
URUGUAY,2011,10% - 20%,2,3.0,1
URUGUAY,2011,20% - 30%,3,2.0,1
URUGUAY,2011,30% - 40%,4,2.0,1
URUGUAY,2011,40% - 50%,5,2.0,1
URUGUAY,2011,50% - 60%,6,1.0,1
URUGUAY,2011,60% - 70%,7,1.0,1
URUGUAY,2011,70% - 80%,8,1.0,1
URUGUAY,2011,80% - 90%,9,1.0,1
URUGUAY,2011,90% - 100%,10,0.0,0
URUGUAY,2012,Top 10%,1,39.0,1
URUGUAY,2012,10% - 20%,2,8.0,1
URUGUAY,2012,20% - 30%,3,5.0,1
URUGUAY,2012,30% - 40%,4,3.0,1
URUGUAY,2012,40% - 50%,5,2.0,1
URUGUAY,2012,50% - 60%,6,2.0,1
URUGUAY,2012,60% - 70%,7,1.0,1
URUGUAY,2012,70% - 80%,8,1.0,1
URUGUAY,2012,80% - 90%,9,1.0,1
URUGUAY,2012,90% - 100%,10,1.0,1
URUGUAY,2013,Top 10%,1,14.0,1
URUGUAY,2013,10% - 20%,2,4.0,1
URUGUAY,2013,20% - 30%,3,2.0,1
URUGUAY,2013,30% - 40%,4,1.0,1
URUGUAY,2013,40% - 50%,5,1.0,1
URUGUAY,2013,50% - 60%,6,1.0,1
URUGUAY,2013,60% - 70%,7,1.0,1
URUGUAY,2013,70% - 80%,8,1.0,1
URUGUAY,2013,80% - 90%,9,1.0,1
URUGUAY,2013,90% - 100%,10,0.0,0
URUGUAY,2014,Top 10%,1,41.5,2
URUGUAY,2014,10% - 20%,2,12.0,1
URUGUAY,2014,20% - 30%,3,3.0,1
URUGUAY,2014,30% - 40%,4,2.0,1
URUGUAY,2014,40% - 50%,5,2.0,1
URUGUAY,2014,50% - 60%,6,1.0,1
URUGUAY,2014,60% - 70%,7,1.0,1
URUGUAY,2014,70% - 80%,8,1.0,1
URUGUAY,2014,80% - 90%,9,1.0,1
URUGUAY,2014,90% - 100%,10,1.0,1
URUGUAY,2015,Top 10%,1,49.0,1
URUGUAY,2015,10% - 20%,2,16.0,1
URUGUAY,2015,20% - 30%,3,4.0,1
URUGUAY,2015,30% - 40%,4,3.0,1
URUGUAY,2015,40% - 50%,5,1.0,1
URUGUAY,2015,50% - 60%,6,1.0,1
URUGUAY,2015,60% - 70%,7,1.0,1
URUGUAY,2015,70% - 80%,8,0.0,0
URUGUAY,2015,80% - 90%,9,0.0,0
URUGUAY,2015,90% - 100%,10,0.0,0
URUGUAY,2016,Top 10%,1,87.0,1
URUGUAY,2016,10% - 20%,2,9.0,1
URUGUAY,2016,20% - 30%,3,7.0,1
URUGUAY,2016,30% - 40%,4,1.0,1
URUGUAY,2016,40% - 50%,5,1.0,1
URUGUAY,2016,50% - 60%,6,1.0,1
URUGUAY,2016,60% - 70%,7,1.0,1
URUGUAY,2016,70% - 80%,8,1.0,1
URUGUAY,2016,80% - 90%,9,1.0,1
URUGUAY,2016,90% - 100%,10,0.0,0
URUGUAY,2017,Top 10%,1,90.5,2
URUGUAY,2017,10% - 20%,2,2.0,1
URUGUAY,2017,20% - 30%,3,2.0,1
URUGUAY,2017,30% - 40%,4,1.0,1
URUGUAY,2017,40% - 50%,5,1.0,1
URUGUAY,2017,50% - 60%,6,1.0,1
URUGUAY,2017,60% - 70%,7,1.0,1
URUGUAY,2017,70% - 80%,8,1.0,1
URUGUAY,2017,80% - 90%,9,1.0,1
URUGUAY,2017,90% - 100%,10,1.0,1
URUGUAY,2018,Top 10%,1,78.0,1
URUGUAY,2018,10% - 20%,2,54.0,1
URUGUAY,2018,20% - 30%,3,10.0,1
URUGUAY,2018,30% - 40%,4,8.0,1
URUGUAY,2018,40% - 50%,5,2.0,1
URUGUAY,2018,50% - 60%,6,2.0,1
URUGUAY,2018,60% - 70%,7,1.0,1
URUGUAY,2018,70% - 80%,8,1.0,1
URUGUAY,2018,80% - 90%,9,0.0,0
URUGUAY,2018,90% - 100%,10,0.0,0
URUGUAY,2019,Top 10%,1,19.0,1
URUGUAY,2019,10% - 20%,2,3.0,1
URUGUAY,2019,20% - 30%,3,2.0,1
URUGUAY,2019,30% - 40%,4,2.0,1
URUGUAY,2019,40% - 50%,5,1.0,1
URUGUAY,2019,50% - 60%,6,1.0,1
URUGUAY,2019,60% - 70%,7,1.0,1
URUGUAY,2019,70% - 80%,8,1.0,1
URUGUAY,2019,80% - 90%,9,0.0,0
URUGUAY,2019,90% - 100%,10,0.0,0
URUGUAY,2020,Top 10%,1,23.0,2
URUGUAY,2020,10% - 20%,2,2.0,1
URUGUAY,2020,20% - 30%,3,2.0,1
URUGUAY,2020,30% - 40%,4,2.0,1
URUGUAY,2020,40% - 50%,5,2.0,1
URUGUAY,2020,50% - 60%,6,1.0,1
URUGUAY,2020,60% - 70%,7,1.0,1
URUGUAY,2020,70% - 80%,8,1.0,1
URUGUAY,2020,80% - 90%,9,1.0,1
URUGUAY,2020,90% - 100%,10,1.0,1
URUGUAY,2021,Top 10%,1,35.0,1
URUGUAY,2021,10% - 20%,2,11.0,1
URUGUAY,2021,20% - 30%,3,2.0,1
URUGUAY,2021,30% - 40%,4,1.0,1
URUGUAY,2021,40% - 50%,5,1.0,1
URUGUAY,2021,50% - 60%,6,1.0,1
URUGUAY,2021,60% - 70%,7,1.0,1
URUGUAY,2021,70% - 80%,8,1.0,1
URUGUAY,2021,80% - 90%,9,1.0,1
URUGUAY,2021,90% - 100%,10,0.0,0
URUGUAY,2022,Top 10%,1,94.0,1
URUGUAY,2022,10% - 20%,2,9.0,1
URUGUAY,2022,20% - 30%,3,7.0,1
URUGUAY,2022,30% - 40%,4,2.0,1
URUGUAY,2022,40% - 50%,5,1.0,1
URUGUAY,2022,50% - 60%,6,1.0,1
URUGUAY,2022,60% - 70%,7,1.0,1
URUGUAY,2022,70% - 80%,8,1.0,1
URUGUAY,2022,80% - 90%,9,1.0,1
URUGUAY,2022,90% - 100%,10,0.0,0
URUGUAY,2023,Top 10%,1,119.0,1
URUGUAY,2023,10% - 20%,2,20.0,1
URUGUAY,2023,20% - 30%,3,10.0,1
URUGUAY,2023,30% - 40%,4,3.0,1
URUGUAY,2023,40% - 50%,5,1.0,1
URUGUAY,2023,50% - 60%,6,1.0,1
URUGUAY,2023,60% - 70%,7,1.0,1
URUGUAY,2023,70% - 80%,8,1.0,1
URUGUAY,2023,80% - 90%,9,0.0,0
URUGUAY,2023,90% - 100%,10,0.0,0
URUGUAY,2024,Top 10%,1,121.0,2
URUGUAY,2024,10% - 20%,2,6.0,1
URUGUAY,2024,20% - 30%,3,3.0,1
URUGUAY,2024,30% - 40%,4,2.0,1
URUGUAY,2024,40% - 50%,5,2.0,1
URUGUAY,2024,50% - 60%,6,2.0,1
URUGUAY,2024,60% - 70%,7,2.0,1
URUGUAY,2024,70% - 80%,8,2.0,1
URUGUAY,2024,80% - 90%,9,1.0,1
URUGUAY,2024,90% - 100%,10,1.0,1
URUGUAY,TODOS,Top 10%,1,252.0,5
URUGUAY,TODOS,10% - 20%,2,17.2,5
URUGUAY,TODOS,20% - 30%,3,8.5,4
URUGUAY,TODOS,30% - 40%,4,7.0,4
URUGUAY,TODOS,40% - 50%,5,4.75,4
URUGUAY,TODOS,50% - 60%,6,3.0,4
URUGUAY,TODOS,60% - 70%,7,2.75,4
URUGUAY,TODOS,70% - 80%,8,1.75,4
URUGUAY,TODOS,80% - 90%,9,1.0,4
URUGUAY,TODOS,90% - 100%,10,1.0,4
VENEZUELA,2010,Top 10%,1,62.0,1
VENEZUELA,2010,10% - 20%,2,7.0,1
VENEZUELA,2010,20% - 30%,3,7.0,1
VENEZUELA,2010,30% - 40%,4,2.0,1
VENEZUELA,2010,40% - 50%,5,2.0,1
VENEZUELA,2010,50% - 60%,6,0.0,0
VENEZUELA,2010,60% - 70%,7,0.0,0
VENEZUELA,2010,70% - 80%,8,0.0,0
VENEZUELA,2010,80% - 90%,9,0.0,0
VENEZUELA,2010,90% - 100%,10,0.0,0
VENEZUELA,2011,Top 10%,1,8.0,1
VENEZUELA,2011,10% - 20%,2,3.0,1
VENEZUELA,2011,20% - 30%,3,2.0,1
VENEZUELA,2011,30% - 40%,4,0.0,0
VENEZUELA,2011,40% - 50%,5,0.0,0
VENEZUELA,2011,50% - 60%,6,0.0,0
VENEZUELA,2011,60% - 70%,7,0.0,0
VENEZUELA,2011,70% - 80%,8,0.0,0
VENEZUELA,2011,80% - 90%,9,0.0,0
VENEZUELA,2011,90% - 100%,10,0.0,0
VENEZUELA,2012,Top 10%,1,2.0,1
VENEZUELA,2012,10% - 20%,2,1.0,1
VENEZUELA,2012,20% - 30%,3,1.0,1
VENEZUELA,2012,30% - 40%,4,1.0,1
VENEZUELA,2012,40% - 50%,5,1.0,1
VENEZUELA,2012,50% - 60%,6,0.0,0
VENEZUELA,2012,60% - 70%,7,0.0,0
VENEZUELA,2012,70% - 80%,8,0.0,0
VENEZUELA,2012,80% - 90%,9,0.0,0
VENEZUELA,2012,90% - 100%,10,0.0,0
VENEZUELA,2013,Top 10%,1,2.0,1
VENEZUELA,2013,10% - 20%,2,1.0,1
VENEZUELA,2013,20% - 30%,3,1.0,1
VENEZUELA,2013,30% - 40%,4,1.0,1
VENEZUELA,2013,40% - 50%,5,0.0,0
VENEZUELA,2013,50% - 60%,6,0.0,0
VENEZUELA,2013,60% - 70%,7,0.0,0
VENEZUELA,2013,70% - 80%,8,0.0,0
VENEZUELA,2013,80% - 90%,9,0.0,0
VENEZUELA,2013,90% - 100%,10,0.0,0
VENEZUELA,2014,Top 10%,1,10.0,1
VENEZUELA,2014,10% - 20%,2,4.0,1
VENEZUELA,2014,20% - 30%,3,1.0,1
VENEZUELA,2014,30% - 40%,4,1.0,1
VENEZUELA,2014,40% - 50%,5,1.0,1
VENEZUELA,2014,50% - 60%,6,1.0,1
VENEZUELA,2014,60% - 70%,7,0.0,0
VENEZUELA,2014,70% - 80%,8,0.0,0
VENEZUELA,2014,80% - 90%,9,0.0,0
VENEZUELA,2014,90% - 100%,10,0.0,0
VENEZUELA,2015,Top 10%,1,12.0,1
VENEZUELA,2015,10% - 20%,2,1.0,1
VENEZUELA,2015,20% - 30%,3,1.0,1
VENEZUELA,2015,30% - 40%,4,0.0,0
VENEZUELA,2015,40% - 50%,5,0.0,0
VENEZUELA,2015,50% - 60%,6,0.0,0
VENEZUELA,2015,60% - 70%,7,0.0,0
VENEZUELA,2015,70% - 80%,8,0.0,0
VENEZUELA,2015,80% - 90%,9,0.0,0
VENEZUELA,2015,90% - 100%,10,0.0,0
VENEZUELA,2016,Top 10%,1,3.0,1
VENEZUELA,2016,10% - 20%,2,1.0,1
VENEZUELA,2016,20% - 30%,3,1.0,1
VENEZUELA,2016,30% - 40%,4,1.0,1
VENEZUELA,2016,40% - 50%,5,1.0,1
VENEZUELA,2016,50% - 60%,6,1.0,1
VENEZUELA,2016,60% - 70%,7,1.0,1
VENEZUELA,2016,70% - 80%,8,1.0,1
VENEZUELA,2016,80% - 90%,9,0.0,0
VENEZUELA,2016,90% - 100%,10,0.0,0
VENEZUELA,2017,Top 10%,1,7.0,1
VENEZUELA,2017,10% - 20%,2,3.0,1
VENEZUELA,2017,20% - 30%,3,1.0,1
VENEZUELA,2017,30% - 40%,4,1.0,1
VENEZUELA,2017,40% - 50%,5,0.0,0
VENEZUELA,2017,50% - 60%,6,0.0,0
VENEZUELA,2017,60% - 70%,7,0.0,0
VENEZUELA,2017,70% - 80%,8,0.0,0
VENEZUELA,2017,80% - 90%,9,0.0,0
VENEZUELA,2017,90% - 100%,10,0.0,0
VENEZUELA,2018,Top 10%,1,2.0,1
VENEZUELA,2018,10% - 20%,2,1.0,1
VENEZUELA,2018,20% - 30%,3,1.0,1
VENEZUELA,2018,30% - 40%,4,1.0,1
VENEZUELA,2018,40% - 50%,5,0.0,0
VENEZUELA,2018,50% - 60%,6,0.0,0
VENEZUELA,2018,60% - 70%,7,0.0,0
VENEZUELA,2018,70% - 80%,8,0.0,0
VENEZUELA,2018,80% - 90%,9,0.0,0
VENEZUELA,2018,90% - 100%,10,0.0,0
VENEZUELA,2019,Top 10%,1,1.0,1
VENEZUELA,2019,10% - 20%,2,0.0,0
VENEZUELA,2019,20% - 30%,3,0.0,0
VENEZUELA,2019,30% - 40%,4,0.0,0
VENEZUELA,2019,40% - 50%,5,0.0,0
VENEZUELA,2019,50% - 60%,6,0.0,0
VENEZUELA,2019,60% - 70%,7,0.0,0
VENEZUELA,2019,70% - 80%,8,0.0,0
VENEZUELA,2019,80% - 90%,9,0.0,0
VENEZUELA,2019,90% - 100%,10,0.0,0
VENEZUELA,2020,Top 10%,1,2.0,1
VENEZUELA,2020,10% - 20%,2,2.0,1
VENEZUELA,2020,20% - 30%,3,1.0,1
VENEZUELA,2020,30% - 40%,4,0.0,0
VENEZUELA,2020,40% - 50%,5,0.0,0
VENEZUELA,2020,50% - 60%,6,0.0,0
VENEZUELA,2020,60% - 70%,7,0.0,0
VENEZUELA,2020,70% - 80%,8,0.0,0
VENEZUELA,2020,80% - 90%,9,0.0,0
VENEZUELA,2020,90% - 100%,10,0.0,0
VENEZUELA,2021,Top 10%,1,2.0,1
VENEZUELA,2021,10% - 20%,2,1.0,1
VENEZUELA,2021,20% - 30%,3,1.0,1
VENEZUELA,2021,30% - 40%,4,1.0,1
VENEZUELA,2021,40% - 50%,5,0.0,0
VENEZUELA,2021,50% - 60%,6,0.0,0
VENEZUELA,2021,60% - 70%,7,0.0,0
VENEZUELA,2021,70% - 80%,8,0.0,0
VENEZUELA,2021,80% - 90%,9,0.0,0
VENEZUELA,2021,90% - 100%,10,0.0,0
VENEZUELA,2022,Top 10%,1,1.0,1
VENEZUELA,2022,10% - 20%,2,1.0,1
VENEZUELA,2022,20% - 30%,3,0.0,0
VENEZUELA,2022,30% - 40%,4,0.0,0
VENEZUELA,2022,40% - 50%,5,0.0,0
VENEZUELA,2022,50% - 60%,6,0.0,0
VENEZUELA,2022,60% - 70%,7,0.0,0
VENEZUELA,2022,70% - 80%,8,0.0,0
VENEZUELA,2022,80% - 90%,9,0.0,0
VENEZUELA,2022,90% - 100%,10,0.0,0
VENEZUELA,2023,Top 10%,1,63.0,1
VENEZUELA,2023,10% - 20%,2,8.0,1
VENEZUELA,2023,20% - 30%,3,0.0,0
VENEZUELA,2023,30% - 40%,4,0.0,0
VENEZUELA,2023,40% - 50%,5,0.0,0
VENEZUELA,2023,50% - 60%,6,0.0,0
VENEZUELA,2023,60% - 70%,7,0.0,0
VENEZUELA,2023,70% - 80%,8,0.0,0
VENEZUELA,2023,80% - 90%,9,0.0,0
VENEZUELA,2023,90% - 100%,10,0.0,0
VENEZUELA,2024,Top 10%,1,7.0,1
VENEZUELA,2024,10% - 20%,2,3.0,1
VENEZUELA,2024,20% - 30%,3,2.0,1
VENEZUELA,2024,30% - 40%,4,0.0,0
VENEZUELA,2024,40% - 50%,5,0.0,0
VENEZUELA,2024,50% - 60%,6,0.0,0
VENEZUELA,2024,60% - 70%,7,0.0,0
VENEZUELA,2024,70% - 80%,8,0.0,0
VENEZUELA,2024,80% - 90%,9,0.0,0
VENEZUELA,2024,90% - 100%,10,0.0,0
VENEZUELA,TODOS,Top 10%,1,45.75,4
VENEZUELA,TODOS,10% - 20%,2,7.5,4
VENEZUELA,TODOS,20% - 30%,3,4.0,4
VENEZUELA,TODOS,30% - 40%,4,2.0,4
VENEZUELA,TODOS,40% - 50%,5,2.0,3
VENEZUELA,TODOS,50% - 60%,6,1.33,3
VENEZUELA,TODOS,60% - 70%,7,1.0,3
VENEZUELA,TODOS,70% - 80%,8,1.0,3
VENEZUELA,TODOS,80% - 90%,9,1.0,3
VENEZUELA,TODOS,90% - 100%,10,1.0,3
