PAIS,ANO,SUBCATEGORIA.DEWEY,GRUPO_EDITORIAL_COMPLETO,CANTIDAD_REGISTROS
ARGENTINA,2020,800 - LITERATURA Y RETÓRICA: GENERAL,"ALBISU, CARLOS EDUARDO",1.0
BRASIL,2010,SIN DATO,ASSOCIACAO SINODAL DE EDITORACAO,3.0
BRASIL,2010,SIN DATO,CADERBRAS BICO INTERNACIONAL LTDA,34.0
BRASIL,2010,SIN DATO,CASA NAZARENA DE PUBLICACOES NO BRASIL S/C,1.0
BRASIL,2010,SIN DATO,CLAUDIO ROBERTO MARTINI-ME,6.0
BRASIL,2010,SIN DATO,COMBOIO DO CORDA EDITORA LTDA,1.0
BRASIL,2010,SIN DATO,COMPANHIA MELHORAMENTOS DE SAO PAULO,2.0
BRASIL,2010,SIN DATO,COSAC & NAIFY EDICOES LTDA,1.0
BRASIL,2010,SIN DATO,EDITORA BEST SELLER,8.0
BRASIL,2010,SIN DATO,EDITORA DIMENSAO LTDA,2.0
BRASIL,2010,SIN DATO,EDITORA FTD,7.0
BRASIL,2010,SIN DATO,EDITORA MODERNA,1.0
BRASIL,2010,SIN DATO,EDITORA PAZ E TERRA S/A,7.0
BRASIL,2010,SIN DATO,EDITORA ROCCO,2.0
BRASIL,2010,SIN DATO,EDITORA TECMEDD LTDA,1.0
BRASIL,2010,SIN DATO,EDITORA VERGARA BRASIL LTDA,1.0
BRASIL,2010,SIN DATO,EDITORA VOZES,2.0
BRASIL,2010,SIN DATO,FUNDACAO UNIVERSITARIA DO DESENVOLVIMENTO DO OESTE,1.0
BRASIL,2010,SIN DATO,GRAFICA EDITORA STAMPPA LTDA,1.0
BRASIL,2010,SIN DATO,KALANDRAKA EDITORA SL,5.0
BRASIL,2010,SIN DATO,MADRAS EDITORA,2.0
BRASIL,2010,SIN DATO,MANUELA EDITORIAL LTDA,1.0
BRASIL,2010,SIN DATO,OPERA PRIMA EDITORIAL E CULTURAL LTDA-ME,1.0
BRASIL,2010,SIN DATO,PAO E ROSAS EDITORA LTDA,1.0
BRASIL,2010,SIN DATO,PETULA VENTURA LEMOS PETERSEN - ME,13.0
BRASIL,2010,SIN DATO,PINTO E ZINCONE EDITORA LTDA,1.0
BRASIL,2010,SIN DATO,PRI PRIMAVERA EDITORIAL LTDA,2.0
BRASIL,2010,SIN DATO,RHJ LIVROS LTDA,1.0
BRASIL,2010,SIN DATO,SANTOS E SANTOS EDITORA E ESTUDIO GRAFICO LTDA-ME,4.0
BRASIL,2010,SIN DATO,SARAIVA SA LIVREIROS EDITORES,13.0
BRASIL,2010,SIN DATO,VIVEIROS DE CASTRO EDITORA LTDA,1.0
BRASIL,2010,SIN DATO,ZOUK EDITORA E DISTRIBUIDORA LTDA,1.0
BRASIL,2011,SIN DATO,ABRIL EDUCACAO S. A.,1.0
BRASIL,2011,SIN DATO,ACAO SOCIAL CLARETIANA,3.0
BRASIL,2011,SIN DATO,AGALMA PSICANALISE EDITORA LTDA,1.0
BRASIL,2011,SIN DATO,"AGEAC - ASSOCIACAO GNOSTICA DE ESTUDOS ANTROPOLOGICOS, CULTURAIS E CIENTIFICOS",1.0
BRASIL,2011,SIN DATO,ASSOCIACAO BRASILEIRA DE NORMAS TECNICAS,2.0
BRASIL,2011,SIN DATO,ASSOCIACAO NOBREGA DE EDUCACAO E ASSISTENCIA SOCIAL - ANEAS,1.0
BRASIL,2011,SIN DATO,C SS R CONGREGACAO DO SANTISSIMO REDENTOR,2.0
BRASIL,2011,SIN DATO,CASA PUBLICADORA BRASILEIRA (CPB),1.0
BRASIL,2011,SIN DATO,CATOLICAS PELO DIREITO DE DECIDIR,1.0
BRASIL,2011,SIN DATO,CIRANDA CULTURAL,9.0
BRASIL,2011,SIN DATO,CLAUDIO ROBERTO MARTINI-ME,1.0
BRASIL,2011,SIN DATO,COMBOIO DO CORDA EDITORA LTDA,7.0
BRASIL,2011,SIN DATO,COMPANHIA MELHORAMENTOS DE SAO PAULO,1.0
BRASIL,2011,SIN DATO,CONSELHO ESPIRITA INTERNACIONAL,1.0
BRASIL,2011,SIN DATO,CONTRAPONTO EDITORA LTDA,1.0
BRASIL,2011,SIN DATO,COSAC & NAIFY EDICOES LTDA,12.0
BRASIL,2011,SIN DATO,EDICOES CRISTAS EDITORA LTDA-ME,1.0
BRASIL,2011,SIN DATO,EDITORA ATICA,2.0
BRASIL,2011,SIN DATO,EDITORA CIDADE NOVA,1.0
BRASIL,2011,SIN DATO,EDITORA DE CULTURA ESPIRITUAL,1.0
BRASIL,2011,SIN DATO,EDITORA DOM QUIXOTE LTDA,1.0
BRASIL,2011,SIN DATO,EDITORA FTD,1.0
BRASIL,2011,SIN DATO,EDITORA HAGNOS LTDA,1.0
BRASIL,2011,SIN DATO,EDITORA ISIS LTDA,1.0
BRASIL,2011,SIN DATO,EDITORA OBJETIVA LTDA,3.0
BRASIL,2011,SIN DATO,EDITORA PAZ E TERRA S/A,1.0
BRASIL,2011,SIN DATO,EDITORA PROJETO LTDA,1.0
BRASIL,2011,SIN DATO,EDITORA PULO DO GATO LTDA,1.0
BRASIL,2011,SIN DATO,EDITORA ROCCO,1.0
BRASIL,2011,SIN DATO,EDITORA SCHWARCZ,4.0
BRASIL,2011,SIN DATO,EDITORA TECMEDD LTDA,1.0
BRASIL,2011,SIN DATO,EDITORA VERGARA BRASIL LTDA,1.0
BRASIL,2011,SIN DATO,EDITORA VOZES,4.0
BRASIL,2011,SIN DATO,EDITORA WMF MARTINS FONTES,3.0
BRASIL,2011,SIN DATO,EDITORIAL MEDICA PANAMERICANA,1.0
BRASIL,2011,SIN DATO,FUNDACAO GETULIO VARGAS,1.0
BRASIL,2011,SIN DATO,GAUDI EDITORIAL LTDA,1.0
BRASIL,2011,SIN DATO,GLOBAL EDITORA,1.0
BRASIL,2011,SIN DATO,GRAFICA EDITORA STAMPPA LTDA,1.0
BRASIL,2011,SIN DATO,GRUPO BRASIL DE APOIO AO SURDOCEGO E AO MULTIPLO DEFICIENTE SENSORIAL,1.0
BRASIL,2011,SIN DATO,GRUPO PLANETA,8.0
BRASIL,2011,SIN DATO,HERBARIO BARBOSA RODRIGUES,1.0
BRASIL,2011,SIN DATO,IGREJA GNOSTICA CRISTA UNIVERSAL SAMAEL AUN WEOR DO BRASIL,1.0
BRASIL,2011,SIN DATO,IGREJA GNOSTICA DO BRASIL,1.0
BRASIL,2011,SIN DATO,ILION EDITORA LTDA - ME,3.0
BRASIL,2011,SIN DATO,INNOVANT EDITORA LTDA,4.0
BRASIL,2011,SIN DATO,INSTITUTO LUDWIG VON MISES BRASIL,1.0
BRASIL,2011,SIN DATO,L&PM EDITORES,4.0
BRASIL,2011,SIN DATO,LIBRIS EDITORA LTDA.,2.0
BRASIL,2011,SIN DATO,LIVRO IDEAL DISTRIBUIDORA DE LIVROS LTDA,3.0
BRASIL,2011,SIN DATO,LIVROS DE SAFRA EDITORA E COMERCIO LTDA,1.0
BRASIL,2011,SIN DATO,LTC - LIVROS TECNICOS E CIENTIFICOS EDITORA,1.0
BRASIL,2011,SIN DATO,NOVO SECULO EDITORA,1.0
BRASIL,2011,SIN DATO,NOVOS DIALOGOS EDITORA LTDA,2.0
BRASIL,2011,SIN DATO,"ORGANIZACAO DAS NACOES UNIDAS PARA A EDUCACAO, A CIENCIA E A CULTURA",1.0
BRASIL,2011,SIN DATO,PAO E ROSAS EDITORA LTDA,1.0
BRASIL,2011,SIN DATO,PIA SOCIEDADE FILHAS DE SAO PAULO,3.0
BRASIL,2011,SIN DATO,PLANETA DE AGOSTINI,2.0
BRASIL,2011,SIN DATO,PUBLICACOES MERCURYO NOVO TEMPO LTDA,1.0
BRASIL,2011,SIN DATO,RAI EDITORA E PROJETOS EDITORIAIS LTDA-ME,2.0
BRASIL,2011,SIN DATO,SANTA AMETISTA  - TRADUCOES E ASSESSORIA LITARARIA LTDA,1.0
BRASIL,2011,SIN DATO,SARAIVA SA LIVREIROS EDITORES,5.0
BRASIL,2011,SIN DATO,SFERASRP EDITORA DE ARTES LTDA,1.0
BRASIL,2011,SIN DATO,SISAL EDITORA LTDA,10.0
BRASIL,2011,SIN DATO,SOCIEDADE RELIGIOSA EDICOES VIDA NOVA,2.0
BRASIL,2011,SIN DATO,TEXTO EDITORES LTDA,1.0
BRASIL,2011,SIN DATO,THESAURUS EDITORA DE BRASILIA,2.0
BRASIL,2011,SIN DATO,UNIVERSIDADE FEDERAL DE MINAS GERAIS,2.0
BRASIL,2011,SIN DATO,VERGARA & RIBA EDITORAS S.A.,20.0
BRASIL,2011,SIN DATO,VERUS EDITORA LTDA - ME,1.0
BRASIL,2011,SIN DATO,VIVEIROS DE CASTRO EDITORA LTDA,1.0
BRASIL,2011,SIN DATO,ZAGODONI EDITORA LTDA.,2.0
BRASIL,2012,SIN DATO,A PAGINA DISTRIBUIDORA DE LIVROS,1.0
BRASIL,2012,SIN DATO,ABRIL EDUCACAO S. A.,7.0
BRASIL,2012,SIN DATO,ACAO SOCIAL CLARETIANA,11.0
BRASIL,2012,SIN DATO,ASSOCIACAO SINODAL DE EDITORACAO,3.0
BRASIL,2012,SIN DATO,BRITO & BRITO EDICOES LTDA,4.0
BRASIL,2012,SIN DATO,CLAUDIO ROBERTO MARTINI-ME,6.0
BRASIL,2012,SIN DATO,COMBOIO DO CORDA EDITORA LTDA,2.0
BRASIL,2012,SIN DATO,COSAC & NAIFY EDICOES LTDA,6.0
BRASIL,2012,SIN DATO,DANTES LEBLON EDITORA LIVRARIA LTDA-ME,1.0
BRASIL,2012,SIN DATO,EDITORA BEST SELLER,4.0
BRASIL,2012,SIN DATO,EDITORA CACHOEIRO CULT LTDA,1.0
BRASIL,2012,SIN DATO,EDITORA ESFERA LTDA,1.0
BRASIL,2012,SIN DATO,EDITORA NOVA FRONTEIRA S/A,1.0
BRASIL,2012,SIN DATO,EDITORA PAZ E TERRA S/A,1.0
BRASIL,2012,SIN DATO,EDITORA ROCCO,4.0
BRASIL,2012,SIN DATO,EDITORA TECMEDD LTDA,1.0
BRASIL,2012,SIN DATO,EDITORA VOZES,6.0
BRASIL,2012,SIN DATO,ETB - EDITORA TECNICA DO BRASIL LTDA,1.0
BRASIL,2012,SIN DATO,GLOBAL EDITORA,2.0
BRASIL,2012,SIN DATO,ICONE EDITORA LTDA,1.0
BRASIL,2012,SIN DATO,LITERATURA MONTE SIAO DO BRASIL,2.0
BRASIL,2012,SIN DATO,MADRAS EDITORA,4.0
BRASIL,2012,SIN DATO,NOVOS DIALOGOS EDITORA LTDA,2.0
BRASIL,2012,SIN DATO,O JOGO DE AMARELINHA SERVICOS EDITORIAIS LTDA,5.0
BRASIL,2012,SIN DATO,QUEEN BOOKS DISTRIBUICAO IMPORTACAO E EXPORTACAO DE LIVROS LTDA-EPP,1.0
BRASIL,2012,SIN DATO,SANTOS E SANTOS EDITORA E ESTUDIO GRAFICO LTDA-ME,4.0
BRASIL,2012,SIN DATO,SARAIVA SA LIVREIROS EDITORES,9.0
BRASIL,2012,SIN DATO,TEXTO EDITORES LTDA,2.0
BRASIL,2012,SIN DATO,VIDA MELHOR EDITORA,3.0
BRASIL,2012,SIN DATO,VIVEIROS DE CASTRO EDITORA LTDA,1.0
BRASIL,2012,SIN DATO,ZAGODONI EDITORA LTDA.,2.0
BRASIL,2013,080 - COLECCIONES GENERALES,"AGEAC - ASSOCIACAO GNOSTICA DE ESTUDOS ANTROPOLOGICOS, CULTURAIS E CIENTIFICOS",2.0
BRASIL,2013,080 - COLECCIONES GENERALES,CIRANDA CULTURAL,9.0
BRASIL,2013,080 - COLECCIONES GENERALES,FAC FORM IMPRESSOS LTDA,1.0
BRASIL,2013,080 - COLECCIONES GENERALES,INNOVANT EDITORA LTDA,24.0
BRASIL,2013,080 - COLECCIONES GENERALES,MUSEU DE ASTRONOMIA E CIENCIAS AFINS,1.0
BRASIL,2013,080 - COLECCIONES GENERALES,VERGARA & RIBA EDITORAS S.A.,25.0
BRASIL,2013,080 - COLECCIONES GENERALES,VERUS EDITORA LTDA - ME,1.0
BRASIL,2013,800 - LITERATURA Y RETÓRICA: GENERAL,EDITORA MOV PALAVRAS: EIRELI: EPP,5.0
BRASIL,2013,800 - LITERATURA Y RETÓRICA: GENERAL,EDITORA ROCCO,1.0
BRASIL,2013,800 - LITERATURA Y RETÓRICA: GENERAL,"FUNDACAO DA UNIVERSIDADE FEDERAL DO PARANA PARA O DESENVOLVIMENTO DA CIENCIA, TECNOLOGIA E DA CULTURA",3.0
BRASIL,2013,800 - LITERATURA Y RETÓRICA: GENERAL,GRAFICA E EDITORA ALVORADA LTDA,2.0
BRASIL,2013,810 - LITERATURA AMERICANA EN INGLÉS,SARAIVA SA LIVREIROS EDITORES,1.0
BRASIL,2013,810 - LITERATURA AMERICANA EN INGLÉS,TEXTO EDITORES LTDA,2.0
BRASIL,2013,820 - LITERATURA INGLESA E INGLESA ANTIGUA,EDITORA SCHWARCZ,1.0
BRASIL,2013,830 - LITERATURA DE LAS LENGUAS GERMÁNICAS,TUVA EDITORA LTDA,1.0
BRASIL,2013,840 - LITERATURA DE LAS LENGUAS ROMANCES,TUVA EDITORA LTDA,1.0
BRASIL,2013,"850 - LITERATURA ITALIANA, RUMANA, RETORROMANA",SARAIVA SA LIVREIROS EDITORES,2.0
BRASIL,2013,860 - LITERATURAS ESPAÑOLA Y PORTUGUESA,ASSOCIACAO RELIGIOSA EDITORIAL MUNDO CRISTAO,2.0
BRASIL,2013,860 - LITERATURAS ESPAÑOLA Y PORTUGUESA,BERLENDIS & VERTECCHIA EDITORES LTDA,1.0
BRASIL,2013,860 - LITERATURAS ESPAÑOLA Y PORTUGUESA,COSAC & NAIFY EDICOES LTDA,9.0
BRASIL,2013,860 - LITERATURAS ESPAÑOLA Y PORTUGUESA,EDITORA ATICA,4.0
BRASIL,2013,860 - LITERATURAS ESPAÑOLA Y PORTUGUESA,EDITORA CABEZA DE VACA LTDA,1.0
BRASIL,2013,860 - LITERATURAS ESPAÑOLA Y PORTUGUESA,EDITORA FONTANAR LTDA,3.0
BRASIL,2013,860 - LITERATURAS ESPAÑOLA Y PORTUGUESA,EDITORA FOZ IMPRESSOS E DIGITAIS LTDA ME,2.0
BRASIL,2013,860 - LITERATURAS ESPAÑOLA Y PORTUGUESA,EDITORA GLOBO LIVROS LTDA,2.0
BRASIL,2013,860 - LITERATURAS ESPAÑOLA Y PORTUGUESA,EDITORA HEDRA LTDA,1.0
BRASIL,2013,860 - LITERATURAS ESPAÑOLA Y PORTUGUESA,EDITORA MARTIN CLARET LTDA,1.0
BRASIL,2013,860 - LITERATURAS ESPAÑOLA Y PORTUGUESA,EDITORA MOITARA LTDA,1.0
BRASIL,2013,860 - LITERATURAS ESPAÑOLA Y PORTUGUESA,EDITORA OBJETIVA LTDA,13.0
BRASIL,2013,860 - LITERATURAS ESPAÑOLA Y PORTUGUESA,EDITORA PENSAMENTO-CULTRIX,4.0
BRASIL,2013,860 - LITERATURAS ESPAÑOLA Y PORTUGUESA,EDITORA PULO DO GATO LTDA,7.0
BRASIL,2013,860 - LITERATURAS ESPAÑOLA Y PORTUGUESA,EDITORA REVIRAVOLTA,1.0
BRASIL,2013,860 - LITERATURAS ESPAÑOLA Y PORTUGUESA,EDITORA ROCCO,7.0
BRASIL,2013,860 - LITERATURAS ESPAÑOLA Y PORTUGUESA,EDITORA RODOPIO LTDA,1.0
BRASIL,2013,860 - LITERATURAS ESPAÑOLA Y PORTUGUESA,EDITORA SCHWARCZ,8.0
BRASIL,2013,860 - LITERATURAS ESPAÑOLA Y PORTUGUESA,ELIEZER FALEIROS DE CARVALHO,1.0
BRASIL,2013,860 - LITERATURAS ESPAÑOLA Y PORTUGUESA,EMBAIXADA DA ESPANHA,2.0
BRASIL,2013,860 - LITERATURAS ESPAÑOLA Y PORTUGUESA,GERACAO EDITORIAL,1.0
BRASIL,2013,860 - LITERATURAS ESPAÑOLA Y PORTUGUESA,GRUPO SM,3.0
BRASIL,2013,860 - LITERATURAS ESPAÑOLA Y PORTUGUESA,INSTITUTO CALLIS,1.0
BRASIL,2013,860 - LITERATURAS ESPAÑOLA Y PORTUGUESA,INVERSO - COMUNICACAO E MARKETING LTDA,1.0
BRASIL,2013,860 - LITERATURAS ESPAÑOLA Y PORTUGUESA,JINKINGS EDITORES ASSOCIADOS LTDA-EPP,1.0
BRASIL,2013,860 - LITERATURAS ESPAÑOLA Y PORTUGUESA,L&PM EDITORES,2.0
BRASIL,2013,860 - LITERATURAS ESPAÑOLA Y PORTUGUESA,LIVROS DA MATRIZ EDITORA E PRODUCOES EDITORIAIS LTDA,18.0
BRASIL,2013,860 - LITERATURAS ESPAÑOLA Y PORTUGUESA,O JOGO DE AMARELINHA SERVICOS EDITORIAIS LTDA,10.0
BRASIL,2013,860 - LITERATURAS ESPAÑOLA Y PORTUGUESA,"OFICINA PRODUCOES LITERARIAS, ARTISTICAS E CULTURAIS LTDA",1.0
BRASIL,2013,860 - LITERATURAS ESPAÑOLA Y PORTUGUESA,PIA SOCIEDADE FILHAS DE SAO PAULO,1.0
BRASIL,2013,860 - LITERATURAS ESPAÑOLA Y PORTUGUESA,PRI PRIMAVERA EDITORIAL LTDA,3.0
BRASIL,2013,860 - LITERATURAS ESPAÑOLA Y PORTUGUESA,SANTOS E SANTOS EDITORA E ESTUDIO GRAFICO LTDA-ME,7.0
BRASIL,2013,860 - LITERATURAS ESPAÑOLA Y PORTUGUESA,UNIVERSIDADE ESTADUAL DE CAMPINAS,1.0
BRASIL,2013,860 - LITERATURAS ESPAÑOLA Y PORTUGUESA,UNIVERSO DOS LIVROS EDITORA,1.0
BRASIL,2013,860 - LITERATURAS ESPAÑOLA Y PORTUGUESA,VERUS EDITORA LTDA - ME,4.0
BRASIL,2013,860 - LITERATURAS ESPAÑOLA Y PORTUGUESA,VIRTUALBOOKS EDITORA E LIVRARIA,1.0
BRASIL,2013,870 - LITERATURAS LATINAS E ITALIANAS,EDITORA BEST SELLER,2.0
BRASIL,2013,870 - LITERATURAS LATINAS E ITALIANAS,EDITORA ILUMINURAS LTDA,1.0
BRASIL,2013,870 - LITERATURAS LATINAS E ITALIANAS,EDITORA LAMINA LTDA,2.0
BRASIL,2013,870 - LITERATURAS LATINAS E ITALIANAS,INCENTIVAR PRODUCOES CULTURAIS E EDITORA LTDA - EPP,1.0
BRASIL,2013,870 - LITERATURAS LATINAS E ITALIANAS,KITABU LIVRARIA NEGRA LTDA - ME,1.0
BRASIL,2013,870 - LITERATURAS LATINAS E ITALIANAS,MARES TIZZOT EDITORA LTDA,1.0
BRASIL,2013,870 - LITERATURAS LATINAS E ITALIANAS,PRI PRIMAVERA EDITORIAL LTDA,1.0
BRASIL,2013,870 - LITERATURAS LATINAS E ITALIANAS,TERRACOTA EDITORA E SERVICOS LTDA-ME,1.0
BRASIL,2013,890 - LITERATURAS DE OTRAS LENGUAS,COMBOIO DO CORDA EDITORA LTDA,3.0
BRASIL,2013,890 - LITERATURAS DE OTRAS LENGUAS,COSAC & NAIFY EDICOES LTDA,10.0
BRASIL,2013,890 - LITERATURAS DE OTRAS LENGUAS,EDITORA ANZOL LTDA,1.0
BRASIL,2013,890 - LITERATURAS DE OTRAS LENGUAS,EDITORA MARTIN CLARET LTDA,1.0
BRASIL,2013,890 - LITERATURAS DE OTRAS LENGUAS,EDITORA MOITARA LTDA,3.0
BRASIL,2013,890 - LITERATURAS DE OTRAS LENGUAS,EDITORA OBJETIVA LTDA,5.0
BRASIL,2013,890 - LITERATURAS DE OTRAS LENGUAS,EDITORA ORIGINAL LTDA-EPP,1.0
BRASIL,2013,890 - LITERATURAS DE OTRAS LENGUAS,EDITORA RODOPIO LTDA,10.0
BRASIL,2013,890 - LITERATURAS DE OTRAS LENGUAS,EDITORA TIMBO LTDA,5.0
BRASIL,2013,890 - LITERATURAS DE OTRAS LENGUAS,GRUPO SM,13.0
BRASIL,2013,890 - LITERATURAS DE OTRAS LENGUAS,INSTITUTO CULTURAL ALETRIA LTDA,1.0
BRASIL,2013,890 - LITERATURAS DE OTRAS LENGUAS,LIBRIS EDITORA LTDA.,4.0
BRASIL,2013,890 - LITERATURAS DE OTRAS LENGUAS,LIVROS DE SAFRA EDITORA E COMERCIO LTDA,2.0
BRASIL,2013,890 - LITERATURAS DE OTRAS LENGUAS,LRV EDICOES LTDA-ME,5.0
BRASIL,2013,890 - LITERATURAS DE OTRAS LENGUAS,MARTINS EDITORA LIVRARIA LTDA,5.0
BRASIL,2013,890 - LITERATURAS DE OTRAS LENGUAS,SARAIVA SA LIVREIROS EDITORES,2.0
BRASIL,2013,890 - LITERATURAS DE OTRAS LENGUAS,TUVA EDITORA LTDA,21.0
BRASIL,2013,890 - LITERATURAS DE OTRAS LENGUAS,UNIVERSIDADE ESTADUAL PAULISTA (UNESP),1.0
BRASIL,2013,890 - LITERATURAS DE OTRAS LENGUAS,VERGARA & RIBA EDITORAS S.A.,5.0
BRASIL,2014,080 - COLECCIONES GENERALES,"AGEAC - ASSOCIACAO GNOSTICA DE ESTUDOS ANTROPOLOGICOS, CULTURAIS E CIENTIFICOS",4.0
BRASIL,2014,080 - COLECCIONES GENERALES,ASSOCIACAO CENTROS FAMILIARES DE ENSINO - CEFAEN,19.0
BRASIL,2014,080 - COLECCIONES GENERALES,CIRANDA CULTURAL,2.0
BRASIL,2014,080 - COLECCIONES GENERALES,INNOVANT EDITORA LTDA,16.0
BRASIL,2014,080 - COLECCIONES GENERALES,VERGARA & RIBA EDITORAS S.A.,8.0
BRASIL,2014,800 - LITERATURA Y RETÓRICA: GENERAL,BECO DO AZOUGUE EDITORIAL LTDA,4.0
BRASIL,2014,800 - LITERATURA Y RETÓRICA: GENERAL,EDITORA ROCCO,1.0
BRASIL,2014,800 - LITERATURA Y RETÓRICA: GENERAL,LIVROS DA MATRIZ EDITORA E PRODUCOES EDITORIAIS LTDA,1.0
BRASIL,2014,800 - LITERATURA Y RETÓRICA: GENERAL,SARAIVA SA LIVREIROS EDITORES,2.0
BRASIL,2014,800 - LITERATURA Y RETÓRICA: GENERAL,UNIAO BRASILEIRA DE EDUCACAO E ASSISTENCIA,1.0
BRASIL,2014,810 - LITERATURA AMERICANA EN INGLÉS,EDITORA BEST SELLER,1.0
BRASIL,2014,810 - LITERATURA AMERICANA EN INGLÉS,EDITORA OBJETIVA LTDA,1.0
BRASIL,2014,820 - LITERATURA INGLESA E INGLESA ANTIGUA,EDITORA PENSAMENTO-CULTRIX,1.0
BRASIL,2014,820 - LITERATURA INGLESA E INGLESA ANTIGUA,SARAIVA SA LIVREIROS EDITORES,2.0
BRASIL,2014,"850 - LITERATURA ITALIANA, RUMANA, RETORROMANA",EDITORA SCHWARCZ,1.0
BRASIL,2014,"850 - LITERATURA ITALIANA, RUMANA, RETORROMANA",SARAIVA SA LIVREIROS EDITORES,1.0
BRASIL,2014,860 - LITERATURAS ESPAÑOLA Y PORTUGUESA,A2 COMUNICACAO E SERVICOS EDITORIAIS LTDA - ME,1.0
BRASIL,2014,860 - LITERATURAS ESPAÑOLA Y PORTUGUESA,ABRIL EDUCACAO S. A.,1.0
BRASIL,2014,860 - LITERATURAS ESPAÑOLA Y PORTUGUESA,AUTENTICA EDITORA,1.0
BRASIL,2014,860 - LITERATURAS ESPAÑOLA Y PORTUGUESA,BCD UNIAO DE EDITORAS S/A,3.0
BRASIL,2014,860 - LITERATURAS ESPAÑOLA Y PORTUGUESA,BECO DO AZOUGUE EDITORIAL LTDA,1.0
BRASIL,2014,860 - LITERATURAS ESPAÑOLA Y PORTUGUESA,CASA DA PALAVRA PRODUCAO EDITORIAL LTDA - ME,2.0
BRASIL,2014,860 - LITERATURAS ESPAÑOLA Y PORTUGUESA,CONSULTOR ASSESSORIA DE PLANEJAMENTO LTDA,2.0
BRASIL,2014,860 - LITERATURAS ESPAÑOLA Y PORTUGUESA,COSAC & NAIFY EDICOES LTDA,8.0
BRASIL,2014,860 - LITERATURAS ESPAÑOLA Y PORTUGUESA,DIAMANTINO FERREIRA LUIS - ME,1.0
BRASIL,2014,860 - LITERATURAS ESPAÑOLA Y PORTUGUESA,EDITORA 34 LTDA,4.0
BRASIL,2014,860 - LITERATURAS ESPAÑOLA Y PORTUGUESA,EDITORA BIRUTA LTDA,1.0
BRASIL,2014,860 - LITERATURAS ESPAÑOLA Y PORTUGUESA,EDITORA GAZETA SANTA CRUZ LTDA,1.0
BRASIL,2014,860 - LITERATURAS ESPAÑOLA Y PORTUGUESA,EDITORA LAFONTE LTDA,2.0
BRASIL,2014,860 - LITERATURAS ESPAÑOLA Y PORTUGUESA,EDITORA MARTIN CLARET LTDA,1.0
BRASIL,2014,860 - LITERATURAS ESPAÑOLA Y PORTUGUESA,EDITORA MOV PALAVRAS: EIRELI: EPP,5.0
BRASIL,2014,860 - LITERATURAS ESPAÑOLA Y PORTUGUESA,EDITORA OBJETIVA LTDA,9.0
BRASIL,2014,860 - LITERATURAS ESPAÑOLA Y PORTUGUESA,EDITORA PRUMO LTDA,1.0
BRASIL,2014,860 - LITERATURAS ESPAÑOLA Y PORTUGUESA,EDITORA ROCCO,7.0
BRASIL,2014,860 - LITERATURAS ESPAÑOLA Y PORTUGUESA,EDITORA SCHWARCZ,2.0
BRASIL,2014,860 - LITERATURAS ESPAÑOLA Y PORTUGUESA,EDITORA TERCEIRO NOME,2.0
BRASIL,2014,860 - LITERATURAS ESPAÑOLA Y PORTUGUESA,FABRICIO CAVALCANTE FRAUZINO,2.0
BRASIL,2014,860 - LITERATURAS ESPAÑOLA Y PORTUGUESA,FUNDACAO DE CULTURA DE MATO GROSSO DO SUL,1.0
BRASIL,2014,860 - LITERATURAS ESPAÑOLA Y PORTUGUESA,GRAFICA E EDITORA ALVORADA LTDA,1.0
BRASIL,2014,860 - LITERATURAS ESPAÑOLA Y PORTUGUESA,GRUPO EDITORIAL RECORD,1.0
BRASIL,2014,860 - LITERATURAS ESPAÑOLA Y PORTUGUESA,GRUPO SM,1.0
BRASIL,2014,860 - LITERATURAS ESPAÑOLA Y PORTUGUESA,L&PM EDITORES,4.0
BRASIL,2014,860 - LITERATURAS ESPAÑOLA Y PORTUGUESA,LIGA CONTEUDO DIGITAL LTDA,2.0
BRASIL,2014,860 - LITERATURAS ESPAÑOLA Y PORTUGUESA,LIVROS DA MATRIZ EDITORA E PRODUCOES EDITORIAIS LTDA,3.0
BRASIL,2014,860 - LITERATURAS ESPAÑOLA Y PORTUGUESA,MARIO ZEIDLER MACHADO MILHOMEM FILHO 99914166172 MEI,1.0
BRASIL,2014,860 - LITERATURAS ESPAÑOLA Y PORTUGUESA,METANOIA EDITORA E COMUNICACAO LTDA,1.0
BRASIL,2014,860 - LITERATURAS ESPAÑOLA Y PORTUGUESA,O JOGO DE AMARELINHA SERVICOS EDITORIAIS LTDA,3.0
BRASIL,2014,860 - LITERATURAS ESPAÑOLA Y PORTUGUESA,PIA SOCIEDADE FILHAS DE SAO PAULO,1.0
BRASIL,2014,860 - LITERATURAS ESPAÑOLA Y PORTUGUESA,PUBLICACOES MERCURYO NOVO TEMPO LTDA,1.0
BRASIL,2014,860 - LITERATURAS ESPAÑOLA Y PORTUGUESA,ROVELLE EDICAO E COMERCIO DE LIVROS LTDA,2.0
BRASIL,2014,860 - LITERATURAS ESPAÑOLA Y PORTUGUESA,SANTOS E SANTOS EDITORA E ESTUDIO GRAFICO LTDA-ME,5.0
BRASIL,2014,860 - LITERATURAS ESPAÑOLA Y PORTUGUESA,SAULO RIBEIRO AMORIM 07041380777,1.0
BRASIL,2014,860 - LITERATURAS ESPAÑOLA Y PORTUGUESA,THESAURUS EDITORA DE BRASILIA,1.0
BRASIL,2014,860 - LITERATURAS ESPAÑOLA Y PORTUGUESA,UNIAO BRASILEIRA DE EDUCACAO E ASSISTENCIA,1.0
BRASIL,2014,860 - LITERATURAS ESPAÑOLA Y PORTUGUESA,UNIVERSIDADE ESTADUAL DE CAMPINAS,1.0
BRASIL,2014,860 - LITERATURAS ESPAÑOLA Y PORTUGUESA,UNIVERSIDADE ESTADUAL PAULISTA (UNESP),1.0
BRASIL,2014,860 - LITERATURAS ESPAÑOLA Y PORTUGUESA,UNIVERSO DOS LIVROS EDITORA,1.0
BRASIL,2014,860 - LITERATURAS ESPAÑOLA Y PORTUGUESA,VERUS EDITORA LTDA - ME,3.0
BRASIL,2014,870 - LITERATURAS LATINAS E ITALIANAS,BCD UNIAO DE EDITORAS S/A,4.0
BRASIL,2014,870 - LITERATURAS LATINAS E ITALIANAS,EDITORA ILUMINURAS LTDA,1.0
BRASIL,2014,870 - LITERATURAS LATINAS E ITALIANAS,EDITORA LAMINA LTDA,1.0
BRASIL,2014,870 - LITERATURAS LATINAS E ITALIANAS,GRUPO EDITORIAL RECORD,2.0
BRASIL,2014,870 - LITERATURAS LATINAS E ITALIANAS,MAIRA NASSIF PASSOS 07705587637,1.0
BRASIL,2014,870 - LITERATURAS LATINAS E ITALIANAS,SERVICOS SOCIAL DO COMERCIO,1.0
BRASIL,2014,870 - LITERATURAS LATINAS E ITALIANAS,UNIVERSIDADE FEDERAL DE MINAS GERAIS,1.0
BRASIL,2014,870 - LITERATURAS LATINAS E ITALIANAS,VIVEIROS DE CASTRO EDITORA LTDA,1.0
BRASIL,2014,890 - LITERATURAS DE OTRAS LENGUAS,ALAUDE EDITORIAL LTDA,3.0
BRASIL,2014,890 - LITERATURAS DE OTRAS LENGUAS,ANTIGA E MISTICA ORDEM ROSAE CRUCIS - AMORC GRANDE,1.0
BRASIL,2014,890 - LITERATURAS DE OTRAS LENGUAS,BCD UNIAO DE EDITORAS S/A,5.0
BRASIL,2014,890 - LITERATURAS DE OTRAS LENGUAS,BICIRIK PARTICIPACOES E EDITORA LTDA,1.0
BRASIL,2014,890 - LITERATURAS DE OTRAS LENGUAS,COSAC & NAIFY EDICOES LTDA,13.0
BRASIL,2014,890 - LITERATURAS DE OTRAS LENGUAS,EDITORA BARAUNA SOCIEDADE EMPRESARIAL LTDA,1.0
BRASIL,2014,890 - LITERATURAS DE OTRAS LENGUAS,EDITORA ILUMINURAS LTDA,2.0
BRASIL,2014,890 - LITERATURAS DE OTRAS LENGUAS,EDITORA JOAQUIM LTDA,1.0
BRASIL,2014,890 - LITERATURAS DE OTRAS LENGUAS,EDITORA OBJETIVA LTDA,3.0
BRASIL,2014,890 - LITERATURAS DE OTRAS LENGUAS,EDITORA PULO DO GATO LTDA,1.0
BRASIL,2014,890 - LITERATURAS DE OTRAS LENGUAS,EDITORA ROCCO,1.0
BRASIL,2014,890 - LITERATURAS DE OTRAS LENGUAS,EDITORA URBANA LTDA,1.0
BRASIL,2014,890 - LITERATURAS DE OTRAS LENGUAS,EDITORA WMF MARTINS FONTES,1.0
BRASIL,2014,890 - LITERATURAS DE OTRAS LENGUAS,GRUPO EDITORIAL RECORD,3.0
BRASIL,2014,890 - LITERATURAS DE OTRAS LENGUAS,GRUPO PLANETA,23.0
BRASIL,2014,890 - LITERATURAS DE OTRAS LENGUAS,GRUPO SM,4.0
BRASIL,2014,890 - LITERATURAS DE OTRAS LENGUAS,MARTINS EDITORA LIVRARIA LTDA,26.0
BRASIL,2014,890 - LITERATURAS DE OTRAS LENGUAS,MV SERVICOS E EDITORA LTDA - ME,1.0
BRASIL,2014,890 - LITERATURAS DE OTRAS LENGUAS,PINTO E ZINCONE EDITORA LTDA,2.0
BRASIL,2014,890 - LITERATURAS DE OTRAS LENGUAS,RAS EMPREENDIMENTOS EDITORIAIS TECNOLOGIA E SERVICOS LTDA - EPP,10.0
BRASIL,2014,890 - LITERATURAS DE OTRAS LENGUAS,REALEJO LIVROS E EDICOES LTDA,1.0
BRASIL,2014,890 - LITERATURAS DE OTRAS LENGUAS,SOPA DE LETRINHAS EDITORA E PRODUTORA LTDA.,12.0
BRASIL,2014,890 - LITERATURAS DE OTRAS LENGUAS,UNIAO BRASILEIRA DE EDUCACAO E ASSISTENCIA,1.0
BRASIL,2015,080 - COLECCIONES GENERALES,"AGEAC - ASSOCIACAO GNOSTICA DE ESTUDOS ANTROPOLOGICOS, CULTURAIS E CIENTIFICOS",1.0
BRASIL,2015,080 - COLECCIONES GENERALES,CIRANDA CULTURAL,10.0
BRASIL,2015,080 - COLECCIONES GENERALES,INNER EDITORA LTDA,1.0
BRASIL,2015,080 - COLECCIONES GENERALES,VERGARA & RIBA EDITORAS S.A.,5.0
BRASIL,2015,800 - LITERATURA Y RETÓRICA: GENERAL,COLOFON SERVICOS GRAFICOS DE EDITORACAO ELETRONICA E APOIO ADMINISTRATIVO LTDA - ME,1.0
BRASIL,2015,810 - LITERATURA AMERICANA EN INGLÉS,VERUS EDITORA LTDA - ME,1.0
BRASIL,2015,860 - LITERATURAS ESPAÑOLA Y PORTUGUESA,A2 COMUNICACAO E SERVICOS EDITORIAIS LTDA - ME,2.0
BRASIL,2015,860 - LITERATURAS ESPAÑOLA Y PORTUGUESA,ARS ET VITA LTDA - ME,1.0
BRASIL,2015,860 - LITERATURAS ESPAÑOLA Y PORTUGUESA,ASSOCIACAO FRANCISCANA DE ENSINO SENHOR BOM JESUS,1.0
BRASIL,2015,860 - LITERATURAS ESPAÑOLA Y PORTUGUESA,CALLIS EDITORA LTDA,5.0
BRASIL,2015,860 - LITERATURAS ESPAÑOLA Y PORTUGUESA,CASA DA PALAVRA PRODUCAO EDITORIAL LTDA - ME,3.0
BRASIL,2015,860 - LITERATURAS ESPAÑOLA Y PORTUGUESA,COSAC & NAIFY EDICOES LTDA,4.0
BRASIL,2015,860 - LITERATURAS ESPAÑOLA Y PORTUGUESA,EDELBRA EDITORA LTDA,1.0
BRASIL,2015,860 - LITERATURAS ESPAÑOLA Y PORTUGUESA,EDITORA BIRUTA LTDA,2.0
BRASIL,2015,860 - LITERATURAS ESPAÑOLA Y PORTUGUESA,EDITORA CIRCUITO LTDA,1.0
BRASIL,2015,860 - LITERATURAS ESPAÑOLA Y PORTUGUESA,EDITORA COMUNICACAO DA REGIAO DOS LAGOS LTDA.,1.0
BRASIL,2015,860 - LITERATURAS ESPAÑOLA Y PORTUGUESA,EDITORA DE CULTURA LTDA - EPP,1.0
BRASIL,2015,860 - LITERATURAS ESPAÑOLA Y PORTUGUESA,EDITORA DE LIVROS COBOGO LTDA,10.0
BRASIL,2015,860 - LITERATURAS ESPAÑOLA Y PORTUGUESA,EDITORA DIMENSAO LTDA,1.0
BRASIL,2015,860 - LITERATURAS ESPAÑOLA Y PORTUGUESA,EDITORA FUNDACAO PEIROPOLIS LTDA,2.0
BRASIL,2015,860 - LITERATURAS ESPAÑOLA Y PORTUGUESA,EDITORA INSULAR LTDA EPP,1.0
BRASIL,2015,860 - LITERATURAS ESPAÑOLA Y PORTUGUESA,EDITORA MOV PALAVRAS: EIRELI: EPP,13.0
BRASIL,2015,860 - LITERATURAS ESPAÑOLA Y PORTUGUESA,EDITORA MOVIMENTO LTDA,1.0
BRASIL,2015,860 - LITERATURAS ESPAÑOLA Y PORTUGUESA,EDITORA NOVA AGUILAR S/A,1.0
BRASIL,2015,860 - LITERATURAS ESPAÑOLA Y PORTUGUESA,EDITORA OBJETIVA LTDA,4.0
BRASIL,2015,860 - LITERATURAS ESPAÑOLA Y PORTUGUESA,EDITORA ROCCO,3.0
BRASIL,2015,860 - LITERATURAS ESPAÑOLA Y PORTUGUESA,EDITORA TERCEIRO NOME,2.0
BRASIL,2015,860 - LITERATURAS ESPAÑOLA Y PORTUGUESA,EDITORA VOLTA E MEIA,1.0
BRASIL,2015,860 - LITERATURAS ESPAÑOLA Y PORTUGUESA,ELIZABETH APARECIDA BEZERRA 31117742873,1.0
BRASIL,2015,860 - LITERATURAS ESPAÑOLA Y PORTUGUESA,EMPREENDIMENTOS JDS LTDA,1.0
BRASIL,2015,860 - LITERATURAS ESPAÑOLA Y PORTUGUESA,FRASE E EFEITO ESTUDIO EDITORIAL LTDA,1.0
BRASIL,2015,860 - LITERATURAS ESPAÑOLA Y PORTUGUESA,"FUNDACAO DA UNIVERSIDADE FEDERAL DO PARANA PARA O DESENVOLVIMENTO DA CIENCIA, TECNOLOGIA E DA CULTURA",1.0
BRASIL,2015,860 - LITERATURAS ESPAÑOLA Y PORTUGUESA,FUNDACAO DE AMPARO A PESQUISA E EXTENSAO UNIVERSITARIA,1.0
BRASIL,2015,860 - LITERATURAS ESPAÑOLA Y PORTUGUESA,GLOBAL EDITORA,1.0
BRASIL,2015,860 - LITERATURAS ESPAÑOLA Y PORTUGUESA,GMT EDITORES LTDA,2.0
BRASIL,2015,860 - LITERATURAS ESPAÑOLA Y PORTUGUESA,GRAFICA E EDITORA ADONIS LTDA,1.0
BRASIL,2015,860 - LITERATURAS ESPAÑOLA Y PORTUGUESA,GRUPO SM,1.0
BRASIL,2015,860 - LITERATURAS ESPAÑOLA Y PORTUGUESA,INDUSTRIA COMERCIO PRESTACIONAL GRAFICA LTDA,1.0
BRASIL,2015,860 - LITERATURAS ESPAÑOLA Y PORTUGUESA,INSTITUTO DSOP DE EDUCACAO FINANCEIRA LTDA,1.0
BRASIL,2015,860 - LITERATURAS ESPAÑOLA Y PORTUGUESA,L&PM EDITORES,3.0
BRASIL,2015,860 - LITERATURAS ESPAÑOLA Y PORTUGUESA,LINGUA GERAL LIVROS LTDA,1.0
BRASIL,2015,860 - LITERATURAS ESPAÑOLA Y PORTUGUESA,LIVROS DA MATRIZ EDITORA E PRODUCOES EDITORIAIS LTDA,3.0
BRASIL,2015,860 - LITERATURAS ESPAÑOLA Y PORTUGUESA,PIA SOCIEDADE FILHAS DE SAO PAULO,1.0
BRASIL,2015,860 - LITERATURAS ESPAÑOLA Y PORTUGUESA,PORTAL EDITORA E EVENTOS LTDA,1.0
BRASIL,2015,860 - LITERATURAS ESPAÑOLA Y PORTUGUESA,PRI PRIMAVERA EDITORIAL LTDA,1.0
BRASIL,2015,860 - LITERATURAS ESPAÑOLA Y PORTUGUESA,RONA EDITORA LTDA,1.0
BRASIL,2015,860 - LITERATURAS ESPAÑOLA Y PORTUGUESA,ROVELLE EDICAO E COMERCIO DE LIVROS LTDA,3.0
BRASIL,2015,860 - LITERATURAS ESPAÑOLA Y PORTUGUESA,SABER E LER EDITORA LTDA - EPP,1.0
BRASIL,2015,860 - LITERATURAS ESPAÑOLA Y PORTUGUESA,SANTOS E SANTOS EDITORA E ESTUDIO GRAFICO LTDA-ME,3.0
BRASIL,2015,860 - LITERATURAS ESPAÑOLA Y PORTUGUESA,SAULO RIBEIRO AMORIM 07041380777,1.0
BRASIL,2015,860 - LITERATURAS ESPAÑOLA Y PORTUGUESA,TEXTO EDITORES LTDA,3.0
BRASIL,2015,860 - LITERATURAS ESPAÑOLA Y PORTUGUESA,UNIVERSIDADE FEDERAL DA BAHIA,1.0
BRASIL,2015,860 - LITERATURAS ESPAÑOLA Y PORTUGUESA,UNIVERSO DOS LIVROS EDITORA,2.0
BRASIL,2015,870 - LITERATURAS LATINAS E ITALIANAS,A2 COMUNICACAO E SERVICOS EDITORIAIS LTDA - ME,1.0
BRASIL,2015,870 - LITERATURAS LATINAS E ITALIANAS,EDITORA ILUMINURAS LTDA,1.0
BRASIL,2015,870 - LITERATURAS LATINAS E ITALIANAS,EDITORA OBJETIVA LTDA,1.0
BRASIL,2015,870 - LITERATURAS LATINAS E ITALIANAS,MARES TIZZOT EDITORA LTDA,1.0
BRASIL,2015,870 - LITERATURAS LATINAS E ITALIANAS,VIVEIROS DE CASTRO EDITORA LTDA,1.0
BRASIL,2015,890 - LITERATURAS DE OTRAS LENGUAS,BECO DO AZOUGUE EDITORIAL LTDA,4.0
BRASIL,2015,890 - LITERATURAS DE OTRAS LENGUAS,COSAC & NAIFY EDICOES LTDA,8.0
BRASIL,2015,890 - LITERATURAS DE OTRAS LENGUAS,DIAMANTINO FERREIRA LUIS - ME,1.0
BRASIL,2015,890 - LITERATURAS DE OTRAS LENGUAS,EDICOES DE JANEIRO LTDA,2.0
BRASIL,2015,890 - LITERATURAS DE OTRAS LENGUAS,EDITORA OBJETIVA LTDA,2.0
BRASIL,2015,890 - LITERATURAS DE OTRAS LENGUAS,EDITORA PEQUENA ZAHAR LTDA,1.0
BRASIL,2015,890 - LITERATURAS DE OTRAS LENGUAS,EDITORA PULO DO GATO LTDA,4.0
BRASIL,2015,890 - LITERATURAS DE OTRAS LENGUAS,EDITORA SCHWARCZ,1.0
BRASIL,2015,890 - LITERATURAS DE OTRAS LENGUAS,FRASE E EFEITO ESTUDIO EDITORIAL LTDA,1.0
BRASIL,2015,890 - LITERATURAS DE OTRAS LENGUAS,GERACAO EDITORIAL,1.0
BRASIL,2015,890 - LITERATURAS DE OTRAS LENGUAS,GRUPO PLANETA,11.0
BRASIL,2015,890 - LITERATURAS DE OTRAS LENGUAS,GRUPO SM,14.0
BRASIL,2015,890 - LITERATURAS DE OTRAS LENGUAS,IBIS LIBRIS EDITORES LTDA,1.0
BRASIL,2015,890 - LITERATURAS DE OTRAS LENGUAS,LRV EDICOES LTDA-ME,1.0
BRASIL,2015,890 - LITERATURAS DE OTRAS LENGUAS,MARTINS EDITORA LIVRARIA LTDA,14.0
BRASIL,2015,890 - LITERATURAS DE OTRAS LENGUAS,NOOVHA AMERICA EDITORA DISTRIBUIDORA DE LIVROS LTDA,1.0
BRASIL,2015,890 - LITERATURAS DE OTRAS LENGUAS,OSWALDO FORTINI MARTINS TEIXEIRA 33394148668,1.0
BRASIL,2015,890 - LITERATURAS DE OTRAS LENGUAS,PINO DUARTE MERY PILAR - EDITORIAL SERVILIBROS,1.0
BRASIL,2015,890 - LITERATURAS DE OTRAS LENGUAS,SOPA DE LETRINHAS EDITORA E PRODUTORA LTDA.,1.0
BRASIL,2015,890 - LITERATURAS DE OTRAS LENGUAS,UNIVERSIDADE ESTADUAL DE CAMPINAS,1.0
BRASIL,2016,080 - COLECCIONES GENERALES,"AGEAC - ASSOCIACAO GNOSTICA DE ESTUDOS ANTROPOLOGICOS, CULTURAIS E CIENTIFICOS",4.0
BRASIL,2016,080 - COLECCIONES GENERALES,CATAPULTA EDITORES LTDA.,9.0
BRASIL,2016,080 - COLECCIONES GENERALES,INNER EDITORA LTDA,1.0
BRASIL,2016,080 - COLECCIONES GENERALES,VERGARA E RIBAS EDITORA S.A.,11.0
BRASIL,2016,800 - LITERATURA Y RETÓRICA: GENERAL,EDITORA SCHWARCZ,1.0
BRASIL,2016,800 - LITERATURA Y RETÓRICA: GENERAL,EDITORA WMF MARTINS FONTES,1.0
BRASIL,2016,800 - LITERATURA Y RETÓRICA: GENERAL,INSTITUTO DA CULTURA E DA BARBARIE,1.0
BRASIL,2016,800 - LITERATURA Y RETÓRICA: GENERAL,JANAINA DE LUNA FREIRE DUQUE -ME,1.0
BRASIL,2016,800 - LITERATURA Y RETÓRICA: GENERAL,RAFAEL EDUARDO GUTIERREZ GIRALDO 06014705759,1.0
BRASIL,2016,800 - LITERATURA Y RETÓRICA: GENERAL,UNIVERSIDADE DO ESTADO DO RIO DE JANEIRO,1.0
BRASIL,2016,810 - LITERATURA AMERICANA EN INGLÉS,GRUPO EDITORIAL RECORD,1.0
BRASIL,2016,820 - LITERATURA INGLESA E INGLESA ANTIGUA,EDITORA WMF MARTINS FONTES,1.0
BRASIL,2016,840 - LITERATURA DE LAS LENGUAS ROMANCES,GLOBAL EDITORA,1.0
BRASIL,2016,"850 - LITERATURA ITALIANA, RUMANA, RETORROMANA",EDITORA SCHWARCZ,1.0
BRASIL,2016,860 - LITERATURAS ESPAÑOLA Y PORTUGUESA,ALAUDE EDITORIAL LTDA,1.0
BRASIL,2016,860 - LITERATURAS ESPAÑOLA Y PORTUGUESA,ASSOCIACAO DE PROMOCAO HUMANA E RESGATE DA CIDADANIA,1.0
BRASIL,2016,860 - LITERATURAS ESPAÑOLA Y PORTUGUESA,CALLIS EDITORA LTDA,1.0
BRASIL,2016,860 - LITERATURAS ESPAÑOLA Y PORTUGUESA,EDITORA 34 LTDA,1.0
BRASIL,2016,860 - LITERATURAS ESPAÑOLA Y PORTUGUESA,EDITORA BIRUTA LTDA,3.0
BRASIL,2016,860 - LITERATURAS ESPAÑOLA Y PORTUGUESA,EDITORA INSULAR LTDA EPP,1.0
BRASIL,2016,860 - LITERATURAS ESPAÑOLA Y PORTUGUESA,EDITORA INTRINSECA,2.0
BRASIL,2016,860 - LITERATURAS ESPAÑOLA Y PORTUGUESA,EDITORA MARTIN CLARET LTDA,1.0
BRASIL,2016,860 - LITERATURAS ESPAÑOLA Y PORTUGUESA,EDITORA MODERNA,1.0
BRASIL,2016,860 - LITERATURAS ESPAÑOLA Y PORTUGUESA,EDITORA MOV PALAVRAS: EIRELI: EPP,1.0
BRASIL,2016,860 - LITERATURAS ESPAÑOLA Y PORTUGUESA,EDITORA PEIROPOLIS LTDA,2.0
BRASIL,2016,860 - LITERATURAS ESPAÑOLA Y PORTUGUESA,EDITORA PENSAMENTO-CULTRIX,2.0
BRASIL,2016,860 - LITERATURAS ESPAÑOLA Y PORTUGUESA,EDITORA PROJETO LTDA,1.0
BRASIL,2016,860 - LITERATURAS ESPAÑOLA Y PORTUGUESA,EDITORA SCHWARCZ,23.0
BRASIL,2016,860 - LITERATURAS ESPAÑOLA Y PORTUGUESA,EDITORA TERCEIRO NOME,1.0
BRASIL,2016,860 - LITERATURAS ESPAÑOLA Y PORTUGUESA,EMPREENDIMENTOS JDS LTDA,1.0
BRASIL,2016,860 - LITERATURAS ESPAÑOLA Y PORTUGUESA,FUNDACAO DE APOIO A PESQUISA,1.0
BRASIL,2016,860 - LITERATURAS ESPAÑOLA Y PORTUGUESA,GLOBAL EDITORA,1.0
BRASIL,2016,860 - LITERATURAS ESPAÑOLA Y PORTUGUESA,GRUPO EDITORIAL RECORD,2.0
BRASIL,2016,860 - LITERATURAS ESPAÑOLA Y PORTUGUESA,GRUPO SM,1.0
BRASIL,2016,860 - LITERATURAS ESPAÑOLA Y PORTUGUESA,INSTITUTO CULTURAL ALETRIA LTDA,1.0
BRASIL,2016,860 - LITERATURAS ESPAÑOLA Y PORTUGUESA,JINKINGS EDITORES ASSOCIADOS LTDA-EPP,8.0
BRASIL,2016,860 - LITERATURAS ESPAÑOLA Y PORTUGUESA,MARTINS EDITORA LIVRARIA LTDA,1.0
BRASIL,2016,860 - LITERATURAS ESPAÑOLA Y PORTUGUESA,MILFOLHAS PRODUCAO EDITORIAL LTDA,1.0
BRASIL,2016,860 - LITERATURAS ESPAÑOLA Y PORTUGUESA,MILKA LORENA PLAZA CARVAJAL,1.0
BRASIL,2016,860 - LITERATURAS ESPAÑOLA Y PORTUGUESA,QUADRANTE SOCIEDADE DE PUBLICACOES CULTURAIS,1.0
BRASIL,2016,860 - LITERATURAS ESPAÑOLA Y PORTUGUESA,SANTOS E SANTOS EDITORA E ESTUDIO GRAFICO LTDA-ME,4.0
BRASIL,2016,860 - LITERATURAS ESPAÑOLA Y PORTUGUESA,SERVICO SOCIAL DA INDUSTRIA,12.0
BRASIL,2016,870 - LITERATURAS LATINAS E ITALIANAS,A RAMALHETE EDICOES LTDA,1.0
BRASIL,2016,870 - LITERATURAS LATINAS E ITALIANAS,ASSOCIACAO CULTURAL LETRASELVAGEM,1.0
BRASIL,2016,870 - LITERATURAS LATINAS E ITALIANAS,EDITORA HEMISFERIO SUL LTDA,1.0
BRASIL,2016,870 - LITERATURAS LATINAS E ITALIANAS,EDITORA INTRINSECA,2.0
BRASIL,2016,870 - LITERATURAS LATINAS E ITALIANAS,EDITORA MADALENA LTDA. - EPP,1.0
BRASIL,2016,870 - LITERATURAS LATINAS E ITALIANAS,ESCRITURAS EDITORA DISTRIBUIDORA DE LIVROS LTDA,3.0
BRASIL,2016,870 - LITERATURAS LATINAS E ITALIANAS,MARTINS EDITORA LIVRARIA LTDA,1.0
BRASIL,2016,870 - LITERATURAS LATINAS E ITALIANAS,OZE EDITORA E LIVRARIA LTDA - EPP,1.0
BRASIL,2016,870 - LITERATURAS LATINAS E ITALIANAS,PAES NEVES LTDA,1.0
BRASIL,2016,890 - LITERATURAS DE OTRAS LENGUAS,ALAUDE EDITORIAL LTDA,2.0
BRASIL,2016,890 - LITERATURAS DE OTRAS LENGUAS,EDITORA CARAMBAIA EIRELI - EPP,1.0
BRASIL,2016,890 - LITERATURAS DE OTRAS LENGUAS,EDITORA EDEBE BRASIL LTDA,12.0
BRASIL,2016,890 - LITERATURAS DE OTRAS LENGUAS,EDITORA MADALENA LTDA. - EPP,1.0
BRASIL,2016,890 - LITERATURAS DE OTRAS LENGUAS,EDITORA PULO DO GATO LTDA,3.0
BRASIL,2016,890 - LITERATURAS DE OTRAS LENGUAS,EDITORA WMF MARTINS FONTES,1.0
BRASIL,2016,890 - LITERATURAS DE OTRAS LENGUAS,FUNDACAO DE AMPARO A PESQUISA E EXTENSAO UNIVERSITARIA,1.0
BRASIL,2016,890 - LITERATURAS DE OTRAS LENGUAS,GRUPO PLANETA,20.0
BRASIL,2016,890 - LITERATURAS DE OTRAS LENGUAS,GRUPO SM,1.0
BRASIL,2016,890 - LITERATURAS DE OTRAS LENGUAS,INSTITUTO DA CULTURA E DA BARBARIE,2.0
BRASIL,2016,890 - LITERATURAS DE OTRAS LENGUAS,LUCAS NEVES TOSSINI,1.0
BRASIL,2016,890 - LITERATURAS DE OTRAS LENGUAS,MARTINS EDITORA LIVRARIA LTDA,1.0
BRASIL,2016,890 - LITERATURAS DE OTRAS LENGUAS,PIA SOCIEDADE FILHAS DE SAO PAULO,1.0
BRASIL,2016,890 - LITERATURAS DE OTRAS LENGUAS,SERVICO SOCIAL DA INDUSTRIA,2.0
BRASIL,2016,890 - LITERATURAS DE OTRAS LENGUAS,TEXTO EDITORES LTDA,1.0
BRASIL,2016,890 - LITERATURAS DE OTRAS LENGUAS,WILSON GOMES DE OLIVEIRA JUNIOR 27268463863,1.0
BRASIL,2017,080 - COLECCIONES GENERALES,"AGEAC - ASSOCIACAO GNOSTICA DE ESTUDOS ANTROPOLOGICOS, CULTURAIS E CIENTIFICOS",3.0
BRASIL,2017,080 - COLECCIONES GENERALES,CIRANDA CULTURAL,6.0
BRASIL,2017,080 - COLECCIONES GENERALES,EDITORA GRAFAR LTDA. ME,1.0
BRASIL,2017,080 - COLECCIONES GENERALES,PUBLIFOLHA EDITORA LTDA,31.0
BRASIL,2017,080 - COLECCIONES GENERALES,VERGARA E RIBAS EDITORA S.A.,12.0
BRASIL,2017,800 - LITERATURA Y RETÓRICA: GENERAL,L&PM EDITORES,1.0
BRASIL,2017,800 - LITERATURA Y RETÓRICA: GENERAL,MAIRA NASSIF PASSOS 07705587637,1.0
BRASIL,2017,800 - LITERATURA Y RETÓRICA: GENERAL,RAFAEL EDUARDO GUTIERREZ GIRALDO 06014705759,2.0
BRASIL,2017,810 - LITERATURA AMERICANA EN INGLÉS,GRUPO EDITORIAL RECORD,1.0
BRASIL,2017,860 - LITERATURAS ESPAÑOLA Y PORTUGUESA,ABRIL S/A,1.0
BRASIL,2017,860 - LITERATURAS ESPAÑOLA Y PORTUGUESA,AINE DE ABREU PENA,1.0
BRASIL,2017,860 - LITERATURAS ESPAÑOLA Y PORTUGUESA,ASSOCIACAO AMIGOS DO CENTRO CULTURAL SAO PAULO,1.0
BRASIL,2017,860 - LITERATURAS ESPAÑOLA Y PORTUGUESA,CALLIS EDITORA LTDA,1.0
BRASIL,2017,860 - LITERATURAS ESPAÑOLA Y PORTUGUESA,CIRANDA CULTURAL,4.0
BRASIL,2017,860 - LITERATURAS ESPAÑOLA Y PORTUGUESA,EDITORA 34 LTDA,1.0
BRASIL,2017,860 - LITERATURAS ESPAÑOLA Y PORTUGUESA,EDITORA BIRUTA LTDA,3.0
BRASIL,2017,860 - LITERATURAS ESPAÑOLA Y PORTUGUESA,EDITORA LE S/A,1.0
BRASIL,2017,860 - LITERATURAS ESPAÑOLA Y PORTUGUESA,EDITORA MADALENA LTDA. - EPP,1.0
BRASIL,2017,860 - LITERATURAS ESPAÑOLA Y PORTUGUESA,EDITORA MARTIN CLARET LTDA,1.0
BRASIL,2017,860 - LITERATURAS ESPAÑOLA Y PORTUGUESA,EDITORA PEIROPOLIS LTDA,2.0
BRASIL,2017,860 - LITERATURAS ESPAÑOLA Y PORTUGUESA,EDITORA SCHWARCZ,10.0
BRASIL,2017,860 - LITERATURAS ESPAÑOLA Y PORTUGUESA,ELIZABETH APARECIDA BEZERRA 31117742873,1.0
BRASIL,2017,860 - LITERATURAS ESPAÑOLA Y PORTUGUESA,GRAFICA E EDITORA ADONIS LTDA,1.0
BRASIL,2017,860 - LITERATURAS ESPAÑOLA Y PORTUGUESA,GRUPO EDITORIAL RECORD,1.0
BRASIL,2017,860 - LITERATURAS ESPAÑOLA Y PORTUGUESA,GRUPO SM,5.0
BRASIL,2017,860 - LITERATURAS ESPAÑOLA Y PORTUGUESA,INSTITUTO CULTURAL DE ESCRITORES INDEPENDENTES DO BRASIL - ICEIB -DF,1.0
BRASIL,2017,860 - LITERATURAS ESPAÑOLA Y PORTUGUESA,JAMES ANTONIO MISSE EDITORA E DISTRIBUIDORA LTDA,1.0
BRASIL,2017,860 - LITERATURAS ESPAÑOLA Y PORTUGUESA,L&PM EDITORES,4.0
BRASIL,2017,860 - LITERATURAS ESPAÑOLA Y PORTUGUESA,LUCAS MOSER GOULART 021.581.410-00,1.0
BRASIL,2017,860 - LITERATURAS ESPAÑOLA Y PORTUGUESA,MARCELO FREDDI LOTUFO,1.0
BRASIL,2017,860 - LITERATURAS ESPAÑOLA Y PORTUGUESA,MARCELO REIS DE MELLO,1.0
BRASIL,2017,860 - LITERATURAS ESPAÑOLA Y PORTUGUESA,MOVIMENTA EDITORA S.A.,4.0
BRASIL,2017,860 - LITERATURAS ESPAÑOLA Y PORTUGUESA,PUBLICACOES MERCURYO NOVO TEMPO LTDA,1.0
BRASIL,2017,860 - LITERATURAS ESPAÑOLA Y PORTUGUESA,S4 EDITORIAL LTDA - ME,8.0
BRASIL,2017,860 - LITERATURAS ESPAÑOLA Y PORTUGUESA,SABER E LER EDITORA LTDA - EPP,3.0
BRASIL,2017,860 - LITERATURAS ESPAÑOLA Y PORTUGUESA,SABERES EDITORA LTDA-ME,1.0
BRASIL,2017,860 - LITERATURAS ESPAÑOLA Y PORTUGUESA,SANTOS E SANTOS EDITORA E ESTUDIO GRAFICO LTDA-ME,4.0
BRASIL,2017,860 - LITERATURAS ESPAÑOLA Y PORTUGUESA,SERVICO SOCIAL DA INDUSTRIA,18.0
BRASIL,2017,860 - LITERATURAS ESPAÑOLA Y PORTUGUESA,SILVA LOBO EDITORIAL LTDA.,1.0
BRASIL,2017,860 - LITERATURAS ESPAÑOLA Y PORTUGUESA,TIAGO JAIME MACHADO,1.0
BRASIL,2017,860 - LITERATURAS ESPAÑOLA Y PORTUGUESA,TODAVIA EDITORA S.A.,2.0
BRASIL,2017,860 - LITERATURAS ESPAÑOLA Y PORTUGUESA,TRIOLECA CASA EDITORIAL LTDA.,1.0
BRASIL,2017,860 - LITERATURAS ESPAÑOLA Y PORTUGUESA,UNIAO BRASILEIRA DE EDUCACAO E ASSISTENCIA,1.0
BRASIL,2017,860 - LITERATURAS ESPAÑOLA Y PORTUGUESA,UNIVERSIDADE ESTADUAL PAULISTA (UNESP),1.0
BRASIL,2017,860 - LITERATURAS ESPAÑOLA Y PORTUGUESA,UNIVERSO DOS LIVROS EDITORA,2.0
BRASIL,2017,860 - LITERATURAS ESPAÑOLA Y PORTUGUESA,VALER LIVRARIA EDITORA E DISTRIBUIDORA LTDA,1.0
BRASIL,2017,860 - LITERATURAS ESPAÑOLA Y PORTUGUESA,ZOUK EDITORA E DISTRIBUIDORA LTDA,1.0
BRASIL,2017,870 - LITERATURAS LATINAS E ITALIANAS,BASTOS E IGLESIAS LTDA,3.0
BRASIL,2017,870 - LITERATURAS LATINAS E ITALIANAS,BCD UNIAO DE EDITORAS S/A,2.0
BRASIL,2017,870 - LITERATURAS LATINAS E ITALIANAS,CASA DOS LIVROS EDITORA LTDA,1.0
BRASIL,2017,870 - LITERATURAS LATINAS E ITALIANAS,EDITORA LIBER ARS LTDA,1.0
BRASIL,2017,870 - LITERATURAS LATINAS E ITALIANAS,MAIRA NASSIF PASSOS 07705587637,1.0
BRASIL,2017,870 - LITERATURAS LATINAS E ITALIANAS,MARES TIZZOT EDITORA LTDA,1.0
BRASIL,2017,870 - LITERATURAS LATINAS E ITALIANAS,MEDUSA EDITORA E PRODUTORA LTDA,2.0
BRASIL,2017,870 - LITERATURAS LATINAS E ITALIANAS,TODAVIA EDITORA S.A.,2.0
BRASIL,2017,870 - LITERATURAS LATINAS E ITALIANAS,UBU EDITORA LTDA-ME,1.0
BRASIL,2017,890 - LITERATURAS DE OTRAS LENGUAS,BCD UNIAO DE EDITORAS S/A,1.0
BRASIL,2017,890 - LITERATURAS DE OTRAS LENGUAS,EDICAO DE LIVROS,1.0
BRASIL,2017,890 - LITERATURAS DE OTRAS LENGUAS,EDITORA ILUMINURAS LTDA,1.0
BRASIL,2017,890 - LITERATURAS DE OTRAS LENGUAS,EDITORA LIBER ARS LTDA,1.0
BRASIL,2017,890 - LITERATURAS DE OTRAS LENGUAS,EDITORA MADALENA LTDA. - EPP,1.0
BRASIL,2017,890 - LITERATURAS DE OTRAS LENGUAS,EDITORA WMF MARTINS FONTES,1.0
BRASIL,2017,890 - LITERATURAS DE OTRAS LENGUAS,GRUPO EDITORIAL RECORD,1.0
BRASIL,2017,890 - LITERATURAS DE OTRAS LENGUAS,GRUPO PLANETA,26.0
BRASIL,2017,890 - LITERATURAS DE OTRAS LENGUAS,GRUPO SM,2.0
BRASIL,2017,890 - LITERATURAS DE OTRAS LENGUAS,INSTITUTO CALLIS,1.0
BRASIL,2017,890 - LITERATURAS DE OTRAS LENGUAS,INSTITUTO DA CULTURA E DA BARBARIE,2.0
BRASIL,2017,890 - LITERATURAS DE OTRAS LENGUAS,LETRAMENTO EDITORA E LIVRARIA LTDA,3.0
BRASIL,2017,890 - LITERATURAS DE OTRAS LENGUAS,LIBRIS EDITORA LTDA.,1.0
BRASIL,2017,890 - LITERATURAS DE OTRAS LENGUAS,MARTINS EDITORA LIVRARIA LTDA,1.0
BRASIL,2017,890 - LITERATURAS DE OTRAS LENGUAS,"PRESSAGIO EDITORA, COMERCIO E SERVICOS LTDA",2.0
BRASIL,2017,890 - LITERATURAS DE OTRAS LENGUAS,RAFAEL EDUARDO GUTIERREZ GIRALDO 06014705759,2.0
BRASIL,2017,890 - LITERATURAS DE OTRAS LENGUAS,SERVICO SOCIAL DA INDUSTRIA,5.0
BRASIL,2017,890 - LITERATURAS DE OTRAS LENGUAS,SOWILO EDITORA E DISTRIBUIDORA DE LIVROS LTDA,1.0
BRASIL,2017,890 - LITERATURAS DE OTRAS LENGUAS,TEXTO EDITORES LTDA,6.0
BRASIL,2017,890 - LITERATURAS DE OTRAS LENGUAS,TODAVIA EDITORA S.A.,2.0
BRASIL,2017,890 - LITERATURAS DE OTRAS LENGUAS,WILSON GOMES DE OLIVEIRA JUNIOR 27268463863,1.0
BRASIL,2018,080 - COLECCIONES GENERALES,AGEAC - ASSOCIACAO GEOFILOSOFICA DE ESTUDOS ANTROPOLOGICOS E CULTURAIS,2.0
BRASIL,2018,080 - COLECCIONES GENERALES,CATAPULTA EDITORES LTDA.,17.0
BRASIL,2018,080 - COLECCIONES GENERALES,EDITORA GRAFAR LTDA. ME,1.0
BRASIL,2018,080 - COLECCIONES GENERALES,JUNTA DE SERVICOS GERAIS DE A.A. DO BRASIL,1.0
BRASIL,2018,080 - COLECCIONES GENERALES,VERGARA E RIBAS EDITORA S.A.,8.0
BRASIL,2018,800 - LITERATURA Y RETÓRICA: GENERAL,INSTITUTO CULTURAL ALETRIA LTDA,2.0
BRASIL,2018,800 - LITERATURA Y RETÓRICA: GENERAL,JOSE RAMON DIAZ BENITEZ 23580411810,2.0
BRASIL,2018,810 - LITERATURA AMERICANA EN INGLÉS,GRUPO EDITORIAL RECORD,4.0
BRASIL,2018,820 - LITERATURA INGLESA E INGLESA ANTIGUA,SERVICO SOCIAL DA INDUSTRIA,2.0
BRASIL,2018,860 - LITERATURAS ESPAÑOLA Y PORTUGUESA,A. Y. C. DE  M. LEMOS- ME,1.0
BRASIL,2018,860 - LITERATURAS ESPAÑOLA Y PORTUGUESA,A2 COMUNICACAO E SERVICOS EDITORIAIS LTDA - ME,1.0
BRASIL,2018,860 - LITERATURAS ESPAÑOLA Y PORTUGUESA,ADRIANO ALVES DE LIMA,2.0
BRASIL,2018,860 - LITERATURAS ESPAÑOLA Y PORTUGUESA,ASSIS BENEVENUTO VIDIGAL 055.807.956-37,1.0
BRASIL,2018,860 - LITERATURAS ESPAÑOLA Y PORTUGUESA,ASSOCIACAO PARANAENSE DE CULTURA - EDITORA UNIVERSITARIA CHAMPAGNAT,1.0
BRASIL,2018,860 - LITERATURAS ESPAÑOLA Y PORTUGUESA,CAMILA ARAUJO DA SILVA 03754444328,2.0
BRASIL,2018,860 - LITERATURAS ESPAÑOLA Y PORTUGUESA,CARLOS RODRIGUES IRMAO - ME,1.0
BRASIL,2018,860 - LITERATURAS ESPAÑOLA Y PORTUGUESA,DUNA DUETO EDITORA,1.0
BRASIL,2018,860 - LITERATURAS ESPAÑOLA Y PORTUGUESA,EDITORA 34 LTDA,1.0
BRASIL,2018,860 - LITERATURAS ESPAÑOLA Y PORTUGUESA,EDITORA BIRUTA LTDA,1.0
BRASIL,2018,860 - LITERATURAS ESPAÑOLA Y PORTUGUESA,EDITORA GAIA LTDA,2.0
BRASIL,2018,860 - LITERATURAS ESPAÑOLA Y PORTUGUESA,EDITORA INTRINSECA,2.0
BRASIL,2018,860 - LITERATURAS ESPAÑOLA Y PORTUGUESA,EDITORA MADALENA LTDA. - EPP,1.0
BRASIL,2018,860 - LITERATURAS ESPAÑOLA Y PORTUGUESA,EDITORA MOITARA LTDA,2.0
BRASIL,2018,860 - LITERATURAS ESPAÑOLA Y PORTUGUESA,EDITORA PENSAMENTO-CULTRIX,3.0
BRASIL,2018,860 - LITERATURAS ESPAÑOLA Y PORTUGUESA,EDITORA PINSKY LTDA,2.0
BRASIL,2018,860 - LITERATURAS ESPAÑOLA Y PORTUGUESA,EDITORA SCHWARCZ,3.0
BRASIL,2018,860 - LITERATURAS ESPAÑOLA Y PORTUGUESA,ESCRITURAS EDITORA DISTRIBUIDORA DE LIVROS LTDA,1.0
BRASIL,2018,860 - LITERATURAS ESPAÑOLA Y PORTUGUESA,"FACULDADE DE FILOSOFIA, LETRAS E CIENCIAS HUMANAS",2.0
BRASIL,2018,860 - LITERATURAS ESPAÑOLA Y PORTUGUESA,GAUDI EDITORIAL LTDA,1.0
BRASIL,2018,860 - LITERATURAS ESPAÑOLA Y PORTUGUESA,GRUPO EDITORIAL RECORD,1.0
BRASIL,2018,860 - LITERATURAS ESPAÑOLA Y PORTUGUESA,GRUPO PLANETA,8.0
BRASIL,2018,860 - LITERATURAS ESPAÑOLA Y PORTUGUESA,INSTITUTO CULTURAL ALETRIA LTDA,1.0
BRASIL,2018,860 - LITERATURAS ESPAÑOLA Y PORTUGUESA,MARTINS EDITORA LIVRARIA LTDA,1.0
BRASIL,2018,860 - LITERATURAS ESPAÑOLA Y PORTUGUESA,OURO SOBRE AZUL EDITORA LTDA,1.0
BRASIL,2018,860 - LITERATURAS ESPAÑOLA Y PORTUGUESA,PALAVRAS PROJETOS EDITORIAIS LTDA-ME,1.0
BRASIL,2018,860 - LITERATURAS ESPAÑOLA Y PORTUGUESA,PDFA EMPREENDIMENTOS E PARTICIPACOES LTDA.,1.0
BRASIL,2018,860 - LITERATURAS ESPAÑOLA Y PORTUGUESA,RAFAELA PERENSIN RABELO 10181171643,1.0
BRASIL,2018,860 - LITERATURAS ESPAÑOLA Y PORTUGUESA,SABER E LER EDITORA LTDA - EPP,2.0
BRASIL,2018,860 - LITERATURAS ESPAÑOLA Y PORTUGUESA,SANTOS E SANTOS EDITORA E ESTUDIO GRAFICO LTDA-ME,4.0
BRASIL,2018,860 - LITERATURAS ESPAÑOLA Y PORTUGUESA,SERVICO SOCIAL DA INDUSTRIA,4.0
BRASIL,2018,860 - LITERATURAS ESPAÑOLA Y PORTUGUESA,TELOS EDITORA LTDA-EPP,3.0
BRASIL,2018,860 - LITERATURAS ESPAÑOLA Y PORTUGUESA,TODAVIA EDITORA S.A.,2.0
BRASIL,2018,860 - LITERATURAS ESPAÑOLA Y PORTUGUESA,TRIOLECA CASA EDITORIAL LTDA.,1.0
BRASIL,2018,860 - LITERATURAS ESPAÑOLA Y PORTUGUESA,VALER LIVRARIA EDITORA E DISTRIBUIDORA LTDA,1.0
BRASIL,2018,870 - LITERATURAS LATINAS E ITALIANAS,AGENCIA O GLOBO SERVICOS DE IMPRENSA S/A,1.0
BRASIL,2018,870 - LITERATURAS LATINAS E ITALIANAS,ASSOCIACAO CULTURAL LETRASELVAGEM,2.0
BRASIL,2018,870 - LITERATURAS LATINAS E ITALIANAS,BASTOS E IGLESIAS LTDA,4.0
BRASIL,2018,870 - LITERATURAS LATINAS E ITALIANAS,BCD UNIAO DE EDITORAS S/A,1.0
BRASIL,2018,870 - LITERATURAS LATINAS E ITALIANAS,BRUNNA PINHEIRO CARDOSO 37823136821,1.0
BRASIL,2018,870 - LITERATURAS LATINAS E ITALIANAS,EDITORA DIMENSAO LTDA,1.0
BRASIL,2018,870 - LITERATURAS LATINAS E ITALIANAS,GRADIVA EDITORIAL LTDA. - ME,1.0
BRASIL,2018,870 - LITERATURAS LATINAS E ITALIANAS,GRUPO PLANETA,4.0
BRASIL,2018,870 - LITERATURAS LATINAS E ITALIANAS,MAIRA NASSIF PASSOS 07705587637,1.0
BRASIL,2018,870 - LITERATURAS LATINAS E ITALIANAS,ORGANO GRAMA PRODUCAO EDITORIAL E CULTURAL LTDA,1.0
BRASIL,2018,870 - LITERATURAS LATINAS E ITALIANAS,PALAVRAS PROJETOS EDITORIAIS LTDA-ME,1.0
BRASIL,2018,870 - LITERATURAS LATINAS E ITALIANAS,SERVICO SOCIAL DA INDUSTRIA,3.0
BRASIL,2018,870 - LITERATURAS LATINAS E ITALIANAS,WILSON GOMES DE OLIVEIRA JUNIOR 27268463863,1.0
BRASIL,2018,890 - LITERATURAS DE OTRAS LENGUAS,BECO DO AZOUGUE EDITORA E EVENTOS-ME,1.0
BRASIL,2018,890 - LITERATURAS DE OTRAS LENGUAS,CALLIS EDITORA LTDA,2.0
BRASIL,2018,890 - LITERATURAS DE OTRAS LENGUAS,CAMILA ARAUJO DA SILVA 03754444328,2.0
BRASIL,2018,890 - LITERATURAS DE OTRAS LENGUAS,COMISSAO BAIANA DE FOLCLORE,2.0
BRASIL,2018,890 - LITERATURAS DE OTRAS LENGUAS,EDITORA BRASIL SABENDO LTDA,2.0
BRASIL,2018,890 - LITERATURAS DE OTRAS LENGUAS,EDITORA DIMENSAO LTDA,1.0
BRASIL,2018,890 - LITERATURAS DE OTRAS LENGUAS,EDITORA RODOPIO LTDA,1.0
BRASIL,2018,890 - LITERATURAS DE OTRAS LENGUAS,EDITORA WMF MARTINS FONTES,2.0
BRASIL,2018,890 - LITERATURAS DE OTRAS LENGUAS,FERNANDES E WARTH EDITORA E DISTRIBUIDORA LTDA - ME,5.0
BRASIL,2018,890 - LITERATURAS DE OTRAS LENGUAS,GRUPO SM,1.0
BRASIL,2018,890 - LITERATURAS DE OTRAS LENGUAS,HOLOWKA FILMES LTDA- ME,3.0
BRASIL,2018,890 - LITERATURAS DE OTRAS LENGUAS,INSTITUTO DA CULTURA E DA BARBARIE,2.0
BRASIL,2018,890 - LITERATURAS DE OTRAS LENGUAS,LETRAMENTO EDITORA E LIVRARIA LTDA,2.0
BRASIL,2018,890 - LITERATURAS DE OTRAS LENGUAS,LRV EDICOES LTDA-ME,1.0
BRASIL,2018,890 - LITERATURAS DE OTRAS LENGUAS,M. J. KARAS EDICOES EIRELI - ME,1.0
BRASIL,2018,890 - LITERATURAS DE OTRAS LENGUAS,MARIA GELCI LORENTZ,1.0
BRASIL,2018,890 - LITERATURAS DE OTRAS LENGUAS,MARIA JANNARELLI ESTUDIO EDITORIAL LTDA,1.0
BRASIL,2018,890 - LITERATURAS DE OTRAS LENGUAS,NOMOS EDITORA E PRODUTORA LTDA,1.0
BRASIL,2018,890 - LITERATURAS DE OTRAS LENGUAS,RAFAEL EDUARDO GUTIERREZ GIRALDO 06014705759,1.0
BRASIL,2018,890 - LITERATURAS DE OTRAS LENGUAS,ROTA IMAGINARIA COMUNICACAO LTDA,4.0
BRASIL,2018,890 - LITERATURAS DE OTRAS LENGUAS,SERVICO SOCIAL DA INDUSTRIA,4.0
BRASIL,2018,890 - LITERATURAS DE OTRAS LENGUAS,SOLISLUNA DESIGN E EDITORA LTDA,1.0
BRASIL,2018,890 - LITERATURAS DE OTRAS LENGUAS,SOWILO EDITORA E DISTRIBUIDORA DE LIVROS LTDA,2.0
BRASIL,2018,890 - LITERATURAS DE OTRAS LENGUAS,TODAVIA EDITORA S.A.,6.0
BRASIL,2018,890 - LITERATURAS DE OTRAS LENGUAS,TRDG EDITORIAL LTDA,1.0
BRASIL,2018,890 - LITERATURAS DE OTRAS LENGUAS,UNIVERSO DOS LIVROS EDITORA,2.0
BRASIL,2018,890 - LITERATURAS DE OTRAS LENGUAS,VERGARA E RIBAS EDITORA S.A.,4.0
BRASIL,2019,080 - COLECCIONES GENERALES,CATAPULTA EDITORES LTDA.,10.0
BRASIL,2019,800 - LITERATURA Y RETÓRICA: GENERAL,AVEC EDITORA E COMERCIO DE LIVROS LTDA,1.0
BRASIL,2019,800 - LITERATURA Y RETÓRICA: GENERAL,CATAPULTA EDITORES LTDA.,12.0
BRASIL,2019,800 - LITERATURA Y RETÓRICA: GENERAL,EDITORA DMR LTDA,6.0
BRASIL,2019,800 - LITERATURA Y RETÓRICA: GENERAL,EDITORA DO BRASIL,1.0
BRASIL,2019,800 - LITERATURA Y RETÓRICA: GENERAL,ESTUDIO DA CAROCHINHA PRODUCAO EDITORIAL LTDA - EPP,1.0
BRASIL,2019,800 - LITERATURA Y RETÓRICA: GENERAL,GRUPO PLANETA,1.0
BRASIL,2019,800 - LITERATURA Y RETÓRICA: GENERAL,INSTITUTO CULTURAL ALETRIA LTDA,1.0
BRASIL,2019,800 - LITERATURA Y RETÓRICA: GENERAL,JINKINGS EDITORES ASSOCIADOS LTDA-EPP,1.0
BRASIL,2019,800 - LITERATURA Y RETÓRICA: GENERAL,JOAO CEZAR VARELLA 04321989973,1.0
BRASIL,2019,800 - LITERATURA Y RETÓRICA: GENERAL,JOSE RAMON DIAZ BENITEZ 23580411810,1.0
BRASIL,2019,800 - LITERATURA Y RETÓRICA: GENERAL,LIVROS DA MATRIZ EDITORA E PRODUCOES EDITORIAIS LTDA,1.0
BRASIL,2019,800 - LITERATURA Y RETÓRICA: GENERAL,MAIRA NASSIF PASSOS 07705587637,1.0
BRASIL,2019,800 - LITERATURA Y RETÓRICA: GENERAL,SDS EDITORA DE LIVROS EIRELI,1.0
BRASIL,2019,800 - LITERATURA Y RETÓRICA: GENERAL,SERVICO SOCIAL DO COMERCIO - SESC - ADMINISTRACAO REGIONAL NO ESTADO DE SAO PAULO,1.0
BRASIL,2019,800 - LITERATURA Y RETÓRICA: GENERAL,SOLISLUNA DESIGN E EDITORA LTDA,1.0
BRASIL,2019,800 - LITERATURA Y RETÓRICA: GENERAL,"SUR DISTRIBUIDORA DE LIVROS, JORNAIS E REVISTAS LTDA EPP",1.0
BRASIL,2019,800 - LITERATURA Y RETÓRICA: GENERAL,TRIOLECA CASA EDITORIAL LTDA.,1.0
BRASIL,2019,800 - LITERATURA Y RETÓRICA: GENERAL,UNIVERSO DOS LIVROS EDITORA,6.0
BRASIL,2019,820 - LITERATURA INGLESA E INGLESA ANTIGUA,SERVICO SOCIAL DA INDUSTRIA,1.0
BRASIL,2019,860 - LITERATURAS ESPAÑOLA Y PORTUGUESA,ACADEMIA DE CIENCIAS E LETRAS DE CONSELHEIRO LAFAYETTE,1.0
BRASIL,2019,860 - LITERATURAS ESPAÑOLA Y PORTUGUESA,AVEC EDITORA E COMERCIO DE LIVROS LTDA,1.0
BRASIL,2019,860 - LITERATURAS ESPAÑOLA Y PORTUGUESA,BCD UNIAO DE EDITORAS S/A,2.0
BRASIL,2019,860 - LITERATURAS ESPAÑOLA Y PORTUGUESA,EDITORA CAMPOS LTDA - ME,1.0
BRASIL,2019,860 - LITERATURAS ESPAÑOLA Y PORTUGUESA,EDITORA INTRINSECA,3.0
BRASIL,2019,860 - LITERATURAS ESPAÑOLA Y PORTUGUESA,EDITORA MADALENA LTDA. - EPP,2.0
BRASIL,2019,860 - LITERATURAS ESPAÑOLA Y PORTUGUESA,EDITORA PENSAMENTO-CULTRIX,2.0
BRASIL,2019,860 - LITERATURAS ESPAÑOLA Y PORTUGUESA,EDITORA RADIO LONDRES LTDA,1.0
BRASIL,2019,860 - LITERATURAS ESPAÑOLA Y PORTUGUESA,EDITORA SCHWARCZ,4.0
BRASIL,2019,860 - LITERATURAS ESPAÑOLA Y PORTUGUESA,EDITORA URUTAU LTDA ME,1.0
BRASIL,2019,860 - LITERATURAS ESPAÑOLA Y PORTUGUESA,ESTUDIO DA CAROCHINHA PRODUCAO EDITORIAL LTDA - EPP,2.0
BRASIL,2019,860 - LITERATURAS ESPAÑOLA Y PORTUGUESA,GMT EDITORES LTDA,1.0
BRASIL,2019,860 - LITERATURAS ESPAÑOLA Y PORTUGUESA,GRUPO PLANETA,8.0
BRASIL,2019,860 - LITERATURAS ESPAÑOLA Y PORTUGUESA,INDUSTRIA COMERCIO PRESTACIONAL GRAFICA LTDA,1.0
BRASIL,2019,860 - LITERATURAS ESPAÑOLA Y PORTUGUESA,INSTITUTO MOJO DE COMUNICACAO INTERCULTURAL,1.0
BRASIL,2019,860 - LITERATURAS ESPAÑOLA Y PORTUGUESA,JAMES ANTONIO MISSE EDITORA E DISTRIBUIDORA LTDA,1.0
BRASIL,2019,860 - LITERATURAS ESPAÑOLA Y PORTUGUESA,"KROLL, TUDREY E YACUBIAN LTDA",1.0
BRASIL,2019,860 - LITERATURAS ESPAÑOLA Y PORTUGUESA,L&PM EDITORES,1.0
BRASIL,2019,860 - LITERATURAS ESPAÑOLA Y PORTUGUESA,MARCELO FREDDI LOTUFO,2.0
BRASIL,2019,860 - LITERATURAS ESPAÑOLA Y PORTUGUESA,MARES TIZZOT EDITORA LTDA,1.0
BRASIL,2019,860 - LITERATURAS ESPAÑOLA Y PORTUGUESA,MARIANA GOIS 07767286444,1.0
BRASIL,2019,860 - LITERATURAS ESPAÑOLA Y PORTUGUESA,MARTINS EDITORA LIVRARIA LTDA,1.0
BRASIL,2019,860 - LITERATURAS ESPAÑOLA Y PORTUGUESA,"PERGUNTA FIXAR EDITORA PRODUTORA DE ARTE, EDUCACAO E CULTURA LTDA",2.0
BRASIL,2019,860 - LITERATURAS ESPAÑOLA Y PORTUGUESA,SILVIO FERNANDO TESTA ME,1.0
BRASIL,2019,860 - LITERATURAS ESPAÑOLA Y PORTUGUESA,TODAVIA EDITORA S.A.,2.0
BRASIL,2019,860 - LITERATURAS ESPAÑOLA Y PORTUGUESA,UBOOK EDITORA,37.0
BRASIL,2019,860 - LITERATURAS ESPAÑOLA Y PORTUGUESA,VALER LIVRARIA EDITORA E DISTRIBUIDORA LTDA,1.0
BRASIL,2019,860 - LITERATURAS ESPAÑOLA Y PORTUGUESA,VILLA RICA EDITORAS REUNIDAS LTDA,1.0
BRASIL,2019,860 - LITERATURAS ESPAÑOLA Y PORTUGUESA,VIVEIROS DE CASTRO EDITORA LTDA,1.0
BRASIL,2019,870 - LITERATURAS LATINAS E ITALIANAS,BASTOS E IGLESIAS LTDA,2.0
BRASIL,2019,870 - LITERATURAS LATINAS E ITALIANAS,BCD UNIAO DE EDITORAS S/A,1.0
BRASIL,2019,870 - LITERATURAS LATINAS E ITALIANAS,CAMILA ARAUJO DA SILVA 03754444328,4.0
BRASIL,2019,870 - LITERATURAS LATINAS E ITALIANAS,EDITORA MOVIMENTO LTDA.,1.0
BRASIL,2019,870 - LITERATURAS LATINAS E ITALIANAS,MARES TIZZOT EDITORA LTDA,1.0
BRASIL,2019,870 - LITERATURAS LATINAS E ITALIANAS,SERVICO SOCIAL DA INDUSTRIA,4.0
BRASIL,2019,890 - LITERATURAS DE OTRAS LENGUAS,ANA PAULA PINEIRO VILLANUEVA 30492426805,1.0
BRASIL,2019,890 - LITERATURAS DE OTRAS LENGUAS,ASTRAL CULTURAL EDITORA LTDA,2.0
BRASIL,2019,890 - LITERATURAS DE OTRAS LENGUAS,"E REALIZACOES EDITORA, LIVRARIA E DISTRIBUIDORA LTDA",1.0
BRASIL,2019,890 - LITERATURAS DE OTRAS LENGUAS,EDITORA ALEPH LTDA,1.0
BRASIL,2019,890 - LITERATURAS DE OTRAS LENGUAS,EDITORA CAMPOS LTDA - ME,1.0
BRASIL,2019,890 - LITERATURAS DE OTRAS LENGUAS,EDITORA CRV,1.0
BRASIL,2019,890 - LITERATURAS DE OTRAS LENGUAS,EDITORA INTRINSECA,4.0
BRASIL,2019,890 - LITERATURAS DE OTRAS LENGUAS,ELAINE MENDES MOLINA 00464469155,1.0
BRASIL,2019,890 - LITERATURAS DE OTRAS LENGUAS,GABRIEL RATH KOLYNIAK 33127439822,1.0
BRASIL,2019,890 - LITERATURAS DE OTRAS LENGUAS,GRUPO PLANETA,4.0
BRASIL,2019,890 - LITERATURAS DE OTRAS LENGUAS,GRUPO SM,3.0
BRASIL,2019,890 - LITERATURAS DE OTRAS LENGUAS,JOAO VANDERLEI DE MORAS JUNIOR 95726632591,2.0
BRASIL,2019,890 - LITERATURAS DE OTRAS LENGUAS,KASAFUTEBOL EDITORA LTDA,1.0
BRASIL,2019,890 - LITERATURAS DE OTRAS LENGUAS,KATHERINE FUNKE 00675033900,1.0
BRASIL,2019,890 - LITERATURAS DE OTRAS LENGUAS,SERVICO SOCIAL DA INDUSTRIA,2.0
BRASIL,2019,890 - LITERATURAS DE OTRAS LENGUAS,TODAVIA EDITORA S.A.,7.0
BRASIL,2019,890 - LITERATURAS DE OTRAS LENGUAS,UBOOK EDITORA,10.0
BRASIL,2019,890 - LITERATURAS DE OTRAS LENGUAS,WILSON GOMES DE OLIVEIRA JUNIOR 27268463863,1.0
BRASIL,2021,800 - LITERATURA Y RETÓRICA: GENERAL,CAROCHINHA,1.0
BRASIL,2021,800 - LITERATURA Y RETÓRICA: GENERAL,EDITORA ILUMINURAS,2.0
BRASIL,2021,800 - LITERATURA Y RETÓRICA: GENERAL,EDITORA JANDAIRA LTDA,1.0
BRASIL,2021,800 - LITERATURA Y RETÓRICA: GENERAL,EDITORA SATIVA,1.0
BRASIL,2021,800 - LITERATURA Y RETÓRICA: GENERAL,IDALIA MOREJON ARNAIZ,2.0
BRASIL,2021,800 - LITERATURA Y RETÓRICA: GENERAL,MARCELO LOTUFO,1.0
BRASIL,2021,800 - LITERATURA Y RETÓRICA: GENERAL,MOCHO EDICOES,1.0
BRASIL,2021,800 - LITERATURA Y RETÓRICA: GENERAL,UNESC,1.0
BRASIL,2021,860 - LITERATURAS ESPAÑOLA Y PORTUGUESA,CARAMBAIA,1.0
BRASIL,2021,860 - LITERATURAS ESPAÑOLA Y PORTUGUESA,COMPANHIA DAS LETRAS,3.0
BRASIL,2021,860 - LITERATURAS ESPAÑOLA Y PORTUGUESA,EDITORA ELEFANTE,2.0
BRASIL,2021,860 - LITERATURAS ESPAÑOLA Y PORTUGUESA,EDITORA ILUMINURAS,2.0
BRASIL,2021,860 - LITERATURAS ESPAÑOLA Y PORTUGUESA,EDITORA INTRINSECA,3.0
BRASIL,2021,860 - LITERATURAS ESPAÑOLA Y PORTUGUESA,EDITORA ROCCO,1.0
BRASIL,2021,860 - LITERATURAS ESPAÑOLA Y PORTUGUESA,LEABHAR BOOKS,6.0
BRASIL,2021,860 - LITERATURAS ESPAÑOLA Y PORTUGUESA,LPM EDITORES,1.0
BRASIL,2021,860 - LITERATURAS ESPAÑOLA Y PORTUGUESA,LUMME EDITOR,1.0
BRASIL,2021,860 - LITERATURAS ESPAÑOLA Y PORTUGUESA,PIPOCA E NANQUIM EDITORA LTDA,2.0
BRASIL,2021,860 - LITERATURAS ESPAÑOLA Y PORTUGUESA,RELICARIO,1.0
BRASIL,2021,860 - LITERATURAS ESPAÑOLA Y PORTUGUESA,TESSERACTUM EDITORIAL,1.0
BRASIL,2021,890 - LITERATURAS DE OTRAS LENGUAS,EDICOES OLHO DE VIDRO,1.0
BRASIL,2021,890 - LITERATURAS DE OTRAS LENGUAS,EDITORA MOINHOS,6.0
BRASIL,2021,890 - LITERATURAS DE OTRAS LENGUAS,EDITORA URUTAU,1.0
BRASIL,2021,890 - LITERATURAS DE OTRAS LENGUAS,PONTOEDITA,1.0
BRASIL,2024,800 - LITERATURA Y RETÓRICA: GENERAL,ALETRIA,1.0
BRASIL,2024,800 - LITERATURA Y RETÓRICA: GENERAL,BERTRAND BRASIL,8.0
BRASIL,2024,800 - LITERATURA Y RETÓRICA: GENERAL,COMPANHIA DAS LETRAS,2.0
BRASIL,2024,800 - LITERATURA Y RETÓRICA: GENERAL,EDITORA CAXINGUELE,3.0
BRASIL,2024,800 - LITERATURA Y RETÓRICA: GENERAL,EDITORA CORAGEM,2.0
BRASIL,2024,800 - LITERATURA Y RETÓRICA: GENERAL,EDITORA EDGARD BLUCHER,2.0
BRASIL,2024,800 - LITERATURA Y RETÓRICA: GENERAL,EDITORA ILUMINURAS,4.0
BRASIL,2024,800 - LITERATURA Y RETÓRICA: GENERAL,EDITORA INSTANTE,2.0
BRASIL,2024,800 - LITERATURA Y RETÓRICA: GENERAL,EDITORA NOS,4.0
BRASIL,2024,800 - LITERATURA Y RETÓRICA: GENERAL,EDITORA PEABIRU,1.0
BRASIL,2024,800 - LITERATURA Y RETÓRICA: GENERAL,EDITORA REVIRAVOLTA,1.0
BRASIL,2024,800 - LITERATURA Y RETÓRICA: GENERAL,EDITORA WMF MARTINS FONTES,1.0
BRASIL,2024,800 - LITERATURA Y RETÓRICA: GENERAL,FOSFORO,2.0
BRASIL,2024,800 - LITERATURA Y RETÓRICA: GENERAL,GDB EDITORIAL,24.0
BRASIL,2024,800 - LITERATURA Y RETÓRICA: GENERAL,GRUPO EDITORIAL RECORD,1.0
BRASIL,2024,800 - LITERATURA Y RETÓRICA: GENERAL,HARPERKIDS,1.0
BRASIL,2024,800 - LITERATURA Y RETÓRICA: GENERAL,JORGE ALONSO LIMA,2.0
BRASIL,2024,800 - LITERATURA Y RETÓRICA: GENERAL,LEITURINHA S.A.,2.0
BRASIL,2024,800 - LITERATURA Y RETÓRICA: GENERAL,O INSTITUTO,1.0
BRASIL,2024,800 - LITERATURA Y RETÓRICA: GENERAL,OFICIOS TERRESTRES EDICOES,1.0
BRASIL,2024,800 - LITERATURA Y RETÓRICA: GENERAL,PALAVRAS,1.0
BRASIL,2024,800 - LITERATURA Y RETÓRICA: GENERAL,PINGO DE LUZ,1.0
BRASIL,2024,800 - LITERATURA Y RETÓRICA: GENERAL,PINGO DE OURO EDITORES LTDA,4.0
BRASIL,2024,800 - LITERATURA Y RETÓRICA: GENERAL,RECO-RECO,1.0
BRASIL,2024,800 - LITERATURA Y RETÓRICA: GENERAL,VIGILIA,1.0
BRASIL,2024,810 - LITERATURA AMERICANA EN INGLÉS,FOSFORO,1.0
BRASIL,2024,810 - LITERATURA AMERICANA EN INGLÉS,JOSE FLAVIO ILHA DE SOUZA EIRELE,1.0
BRASIL,2024,860 - LITERATURAS ESPAÑOLA Y PORTUGUESA,AUTENTICA EDITORA,4.0
BRASIL,2024,860 - LITERATURAS ESPAÑOLA Y PORTUGUESA,BALAIO EDITORIAL,1.0
BRASIL,2024,860 - LITERATURAS ESPAÑOLA Y PORTUGUESA,COMPANHIA DAS LETRAS,1.0
BRASIL,2024,860 - LITERATURAS ESPAÑOLA Y PORTUGUESA,DBA EDITORA,2.0
BRASIL,2024,860 - LITERATURAS ESPAÑOLA Y PORTUGUESA,EDICOES JABUTICABA,1.0
BRASIL,2024,860 - LITERATURAS ESPAÑOLA Y PORTUGUESA,EDITORA CABRIOLE,1.0
BRASIL,2024,860 - LITERATURAS ESPAÑOLA Y PORTUGUESA,EDITORA INSTANTE,4.0
BRASIL,2024,860 - LITERATURAS ESPAÑOLA Y PORTUGUESA,EDITORA MUNDAREU,2.0
BRASIL,2024,860 - LITERATURAS ESPAÑOLA Y PORTUGUESA,GRUPO EDITORIAL RECORD,2.0
BRASIL,2024,860 - LITERATURAS ESPAÑOLA Y PORTUGUESA,LAFONTE,3.0
BRASIL,2024,860 - LITERATURAS ESPAÑOLA Y PORTUGUESA,LEABHAR BOOKS,4.0
BRASIL,2024,860 - LITERATURAS ESPAÑOLA Y PORTUGUESA,LPM EDITORES,3.0
BRASIL,2024,860 - LITERATURAS ESPAÑOLA Y PORTUGUESA,LUPPA DO BRASIL,11.0
BRASIL,2024,870 - LITERATURAS LATINAS E ITALIANAS,EDITORA ILUMINURAS,2.0
BRASIL,2024,890 - LITERATURAS DE OTRAS LENGUAS,7 LETRAS,1.0
BRASIL,2024,890 - LITERATURAS DE OTRAS LENGUAS,COMPANHIA DAS LETRAS,1.0
BRASIL,2024,890 - LITERATURAS DE OTRAS LENGUAS,FOSFORO,1.0
BRASIL,2024,890 - LITERATURAS DE OTRAS LENGUAS,JOSE FLAVIO ILHA DE SOUZA EIRELE,1.0
BRASIL,2024,890 - LITERATURAS DE OTRAS LENGUAS,LPM EDITORES,3.0
BRASIL,2024,890 - LITERATURAS DE OTRAS LENGUAS,PONTOEDITA,3.0
BRASIL,2024,890 - LITERATURAS DE OTRAS LENGUAS,THE BOOKS EDITORA,1.0
BRASIL,2024,890 - LITERATURAS DE OTRAS LENGUAS,UNILA,2.0
CHILE,2013,800 - LITERATURA Y RETÓRICA: GENERAL,EDITORA ZIG-ZAG,4.0
COLOMBIA,2012,800 - LITERATURA Y RETÓRICA: GENERAL,3J EDITORES S.A,25.0
COLOMBIA,2023,800 - LITERATURA Y RETÓRICA: GENERAL,"GOMEZ URIBE, VERONICA",2.0
COLOMBIA,2023,800 - LITERATURA Y RETÓRICA: GENERAL,TERRE DES HOMMES DEUTSCHLAND E.V.,1.0
COLOMBIA,2024,800 - LITERATURA Y RETÓRICA: GENERAL,"GOMEZ URIBE, VERONICA",1.0
COLOMBIA,2024,860 - LITERATURAS ESPAÑOLA Y PORTUGUESA,"CALDERON ARANGO, JUAN PABLO",2.0
COSTA RICA,2024,860 - LITERATURAS ESPAÑOLA Y PORTUGUESA,GRAFIKA PALO S.A.,1.0
CUBA,2014,800 - LITERATURA Y RETÓRICA: GENERAL,CITMATEL (EMPRESA DE TECNOLOGIAS DE LA INFORMACION Y SERVICIOS TELEMATICOS AVANZADOS),13.0
CUBA,2017,860 - LITERATURAS ESPAÑOLA Y PORTUGUESA,COLECCION SUR,1.0
MÉXICO,2010,800 - LITERATURA Y RETÓRICA: GENERAL,FONDO DE CULTURA ECONOMICA MEXICO,2.0
MÉXICO,2011,800 - LITERATURA Y RETÓRICA: GENERAL,FONDO DE CULTURA ECONOMICA MEXICO,8.0
MÉXICO,2012,800 - LITERATURA Y RETÓRICA: GENERAL,FONDO DE CULTURA ECONOMICA MEXICO,4.0
MÉXICO,2022,800 - LITERATURA Y RETÓRICA: GENERAL,PEARSON,2.0
MÉXICO,2024,800 - LITERATURA Y RETÓRICA: GENERAL,"ORGANIZACION DE LOS ESTADOS IBEROAMERICANOS PARA LA EDUCACION, LA CIENCIA Y LA CULTURA",1.0
MÉXICO,2024,860 - LITERATURAS ESPAÑOLA Y PORTUGUESA,"ZAMORA EQUERT, RUBEN",2.0
PARAGUAY,2010,800 - LITERATURA Y RETÓRICA: GENERAL,SERVILIBRO S.R.L.,1.0
PARAGUAY,2018,860 - LITERATURAS ESPAÑOLA Y PORTUGUESA,PIALC EDITORIAL,1.0
PARAGUAY,2024,800 - LITERATURA Y RETÓRICA: GENERAL,"ESTIGARRIBIA FRANCO, LILIANA MARIA TERESA",1.0
PERÚ,2010,800 - LITERATURA Y RETÓRICA: GENERAL,LOS LIBROS MAS PEQUENOS DEL MUNDO E.I.R.L.,1.0
PERÚ,2010,820 - LITERATURA INGLESA E INGLESA ANTIGUA,LOS LIBROS MAS PEQUENOS DEL MUNDO E.I.R.L.,1.0
PERÚ,2011,800 - LITERATURA Y RETÓRICA: GENERAL,LOS LIBROS MAS PEQUENOS DEL MUNDO E.I.R.L.,1.0
PERÚ,2012,800 - LITERATURA Y RETÓRICA: GENERAL,LOS LIBROS MAS PEQUENOS DEL MUNDO E.I.R.L.,4.0
PERÚ,2013,800 - LITERATURA Y RETÓRICA: GENERAL,LOS LIBROS MAS PEQUENOS DEL MUNDO E.I.R.L.,1.0
PERÚ,2014,800 - LITERATURA Y RETÓRICA: GENERAL,LOS LIBROS MAS PEQUENOS DEL MUNDO E.I.R.L.,1.0
PERÚ,2018,860 - LITERATURAS ESPAÑOLA Y PORTUGUESA,CASCAHUESOS EDITORES S.A.C.,1.0
PERÚ,2018,860 - LITERATURAS ESPAÑOLA Y PORTUGUESA,GRUPO EMPRESARIAL AMOTAPE S.A.C.,1.0
PERÚ,2023,890 - LITERATURAS DE OTRAS LENGUAS,EDITORA LA TRAVESIA E.I.R.L.,1.0
URUGUAY,2019,860 - LITERATURAS ESPAÑOLA Y PORTUGUESA,ISOMONT,1.0
URUGUAY,2019,860 - LITERATURAS ESPAÑOLA Y PORTUGUESA,"LARROSA CLAVIJO, MARIA PIA",1.0
URUGUAY,2024,860 - LITERATURAS ESPAÑOLA Y PORTUGUESA,SALSA CON SABOR A CUENTO,1.0
VENEZUELA,2013,800 - LITERATURA Y RETÓRICA: GENERAL,"IMPORTADORA Y COMERCIALIZADORA KAROLINGCHANTILLY, C.A.",1.0
VENEZUELA,2018,840 - LITERATURA DE LAS LENGUAS ROMANCES,FUNDACION DE ESTUDIOS LITERARIOS LECTOR COMPLICE,1.0
VENEZUELA,2018,860 - LITERATURAS ESPAÑOLA Y PORTUGUESA,FUNDACION DE ESTUDIOS LITERARIOS LECTOR COMPLICE,2.0
